,Date,A,AAP,AAPL,ABT,ACN,ADBE,ADM,ADS,AEE,AES,AFL,AGN,AIG,AIV,AKAM,ALL,AMAT,AMZN,APH,APTV,BBY,CAH,CCL,COF,COST,CPRI,DVN,GOOG,KMX,MMM,MO,T,XRAY,GSPC,RF
0,2011-12-19,,,,,,,,,,,,,,,,,,,,,,,,,,,,,,,,,,,
1,2011-12-26,,,,,,,,,,,,,,,,,,,,,,,,,,,,,,,,,,,
2,2012-01-02,,,,,,,,,,,,,,,,,,,,,,,,,,,,,,,,,,,
3,2012-01-09,,,,,,,,,,,,,,,,,,,,,,,,,,,,,,,,,,,
4,2012-01-16,,,,,,,,,,,,,,,,,,,,,,,,,,,,,,,,,,,
5,2012-01-23,,,,,,,,,,,,,,,,,,,,,,,,,,,,,,,,,,,
6,2012-01-30,,,,,,,,,,,,,,,,,,,,,,,,,,,,,,,,,,,
7,2012-02-06,,,,,,,,,,,,,,,,,,,,,,,,,,,,,,,,,,,
8,2012-02-13,,,,,,,,,,,,,,,,,,,,,,,,,,,,,,,,,,,
9,2012-02-20,,,,,,,,,,,,,,,,,,,,,,,,,,,,,,,,,,,
10,2012-02-27,,,,,,,,,,,,,,,,,,,,,,,,,,,,,,,,,,,
11,2012-03-05,,,,,,,,,,,,,,,,,,,,,,,,,,,,,,,,,,,
12,2012-03-12,,,,,,,,,,,,,,,,,,,,,,,,,,,,,,,,,,,
13,2012-03-19,,,,,,,,,,,,,,,,,,,,,,,,,,,,,,,,,,,
14,2012-03-26,,,,,,,,,,,,,,,,,,,,,,,,,,,,,,,,,,,
15,2012-04-02,,,,,,,,,,,,,,,,,,,,,,,,,,,,,,,,,,,
16,2012-04-09,,,,,,,,,,,,,,,,,,,,,,,,,,,,,,,,,,,
17,2012-04-16,,,,,,,,,,,,,,,,,,,,,,,,,,,,,,,,,,,
18,2012-04-23,,,,,,,,,,,,,,,,,,,,,,,,,,,,,,,,,,,
19,2012-04-30,,,,,,,,,,,,,,,,,,,,,,,,,,,,,,,,,,,
20,2012-05-07,,,,,,,,,,,,,,,,,,,,,,,,,,,,,,,,,,,
21,2012-05-14,,,,,,,,,,,,,,,,,,,,,,,,,,,,,,,,,,,
22,2012-05-21,,,,,,,,,,,,,,,,,,,,,,,,,,,,,,,,,,,
23,2012-05-28,,,,,,,,,,,,,,,,,,,,,,,,,,,,,,,,,,,
24,2012-06-04,,,,,,,,,,,,,,,,,,,,,,,,,,,,,,,,,,,
25,2012-06-11,,,,,,,,,,,,,,,,,,,,,,,,,,,,,,,,,,,
26,2012-06-18,,,,,,,,,,,,,,,,,,,,,,,,,,,,,,,,,,,
27,2012-06-25,,,,,,,,,,,,,,,,,,,,,,,,,,,,,,,,,,,
28,2012-07-02,,,,,,,,,,,,,,,,,,,,,,,,,,,,,,,,,,,
29,2012-07-09,,,,,,,,,,,,,,,,,,,,,,,,,,,,,,,,,,,
30,2012-07-16,,,,,,,,,,,,,,,,,,,,,,,,,,,,,,,,,,,
31,2012-07-23,,,,,,,,,,,,,,,,,,,,,,,,,,,,,,,,,,,
32,2012-07-30,,,,,,,,,,,,,,,,,,,,,,,,,,,,,,,,,,,
33,2012-08-06,,,,,,,,,,,,,,,,,,,,,,,,,,,,,,,,,,,
34,2012-08-13,,,,,,,,,,,,,,,,,,,,,,,,,,,,,,,,,,,
35,2012-08-20,,,,,,,,,,,,,,,,,,,,,,,,,,,,,,,,,,,
36,2012-08-27,,,,,,,,,,,,,,,,,,,,,,,,,,,,,,,,,,,
37,2012-09-03,,,,,,,,,,,,,,,,,,,,,,,,,,,,,,,,,,,
38,2012-09-10,,,,,,,,,,,,,,,,,,,,,,,,,,,,,,,,,,,
39,2012-09-17,,,,,,,,,,,,,,,,,,,,,,,,,,,,,,,,,,,
40,2012-09-24,,,,,,,,,,,,,,,,,,,,,,,,,,,,,,,,,,,
41,2012-10-01,,,,,,,,,,,,,,,,,,,,,,,,,,,,,,,,,,,
42,2012-10-08,,,,,,,,,,,,,,,,,,,,,,,,,,,,,,,,,,,
43,2012-10-15,,,,,,,,,,,,,,,,,,,,,,,,,,,,,,,,,,,
44,2012-10-22,,,,,,,,,,,,,,,,,,,,,,,,,,,,,,,,,,,
45,2012-10-29,,,,,,,,,,,,,,,,,,,,,,,,,,,,,,,,,,,
46,2012-11-05,,,,,,,,,,,,,,,,,,,,,,,,,,,,,,,,,,,
47,2012-11-12,,,,,,,,,,,,,,,,,,,,,,,,,,,,,,,,,,,
48,2012-11-19,,,,,,,,,,,,,,,,,,,,,,,,,,,,,,,,,,,
49,2012-11-26,1.3122,1.6102,1.2808,0.6868,0.9136,1.0831,0.9764,0.9231,0.4971,1.1883,1.4266,0.673,1.7159,0.9803,1.4818,1.0576,1.503,1.1519,1.4897,1.1663,1.1993,0.5175,0.9154,1.6374,0.7577,1.8665,1.2523,0.5419,0.9004,0.9351,0.4578,0.6364,1.0416,1.0,0.002
50,2012-12-03,1.293,1.6554,1.2668,0.7036,1.0638,1.1823,0.933,0.9503,0.4535,1.2118,1.4326,0.6675,1.7899,0.9397,1.1551,1.0543,1.5204,1.3318,1.3925,1.171,1.2824,0.5608,1.053,1.8062,0.7768,1.7744,1.253,0.5687,0.9951,0.9165,0.4443,0.6082,1.0664,1.0,0.002
51,2012-12-10,1.2929,1.6613,1.2807,0.7075,1.0695,1.1847,0.9277,0.9407,0.464,1.2172,1.44,0.6487,1.7667,0.9418,1.1628,1.0486,1.5207,1.3197,1.3932,1.1612,1.3066,0.558,1.0482,1.8018,0.7735,1.7855,1.2554,0.5863,1.0032,0.9166,0.4511,0.6193,1.0608,1.0,0.003
52,2012-12-17,1.2163,1.648,1.2773,0.7303,1.115,1.1654,0.9214,0.9714,0.5054,1.1987,1.4437,0.6219,1.7858,0.9536,1.1647,1.0633,1.5067,1.2959,1.3935,1.1359,1.2495,0.5209,1.0536,1.7637,0.7954,1.8898,1.2268,0.5774,1.0389,0.9066,0.4986,0.6478,1.0646,1.0,0.003
53,2012-12-24,1.2092,1.6166,1.2867,0.7366,1.064,1.1566,0.9331,0.9585,0.5476,1.1866,1.4559,0.65,1.7632,0.9883,1.2172,1.0409,1.5041,1.3223,1.3946,1.1184,1.2211,0.5157,1.0124,1.7398,0.8119,1.9185,1.2589,0.6074,1.0495,0.906,0.4603,0.6212,1.0571,1.0,0.003
54,2012-12-31,1.1815,1.5086,1.3185,0.7513,1.0461,1.1242,0.9238,0.963,0.613,1.1803,1.3586,0.7981,1.7368,0.9159,1.2842,1.0309,1.4109,1.3111,1.2356,1.0474,1.1796,0.5169,1.174,1.8732,0.8502,1.936,1.3053,0.739,1.1057,0.8951,0.4951,0.6216,1.0286,1.0,0.003
55,2013-01-07,1.2548,1.4046,1.2415,0.8334,1.0518,1.0651,1.0278,0.9612,0.6131,1.2221,1.1695,0.5509,1.6372,0.8658,1.1102,1.0404,1.3708,1.2901,1.2142,0.9566,1.2763,0.587,1.0913,1.8573,0.8743,1.8352,1.3393,0.782,1.044,0.8859,0.5494,0.687,1.0244,1.0,0.0
56,2013-01-14,1.2079,1.4083,1.2374,0.8615,1.0396,1.0613,1.0607,0.9342,0.6223,1.236,1.1774,0.6091,1.5839,0.8681,1.0731,1.0055,1.3428,1.387,1.2357,0.8195,1.3976,0.6121,1.0579,1.819,0.8397,1.7814,1.3997,0.7692,1.1485,0.9068,0.5351,0.6688,1.042,1.0,0.0
57,2013-01-21,1.2074,1.4261,1.2308,0.8485,1.0299,1.0578,1.0728,0.9338,0.6208,1.2361,1.1504,0.613,1.5693,0.8714,1.1071,1.0031,1.3826,1.3832,1.2223,0.8182,1.4377,0.6276,1.0656,1.7634,0.8355,1.7914,1.4036,0.744,1.1575,0.9142,0.54,0.6583,1.0468,1.0,0.0
58,2013-01-28,1.2469,1.3899,1.1396,0.8359,1.0332,1.0549,1.064,0.9362,0.6181,1.1879,1.1852,0.578,1.5879,0.8764,1.1437,1.0078,1.3945,1.4304,1.2075,0.797,1.4593,0.6413,1.0817,1.753,0.8423,1.6616,1.2978,0.7925,1.1752,0.9264,0.5345,0.6681,1.0453,1.0,0.0
59,2013-02-04,1.2455,1.3831,1.1455,0.8438,1.0363,1.0516,1.0577,0.9298,0.6216,1.1859,1.1814,0.5922,1.5994,0.8669,1.1485,1.0118,1.4036,1.4061,1.2089,0.7946,1.4688,0.6319,1.0823,1.7505,0.8458,1.6454,1.3148,0.7992,1.169,0.9266,0.5395,0.6795,1.0463,1.0,0.001
60,2013-02-11,1.2443,1.3868,1.1467,0.8442,1.0358,1.0524,1.062,0.9289,0.6218,1.1875,1.1774,0.5903,1.5967,0.8716,1.1379,1.0123,1.4073,1.405,1.2109,0.7917,1.4666,0.6351,1.0804,1.7507,0.8437,1.6396,1.3192,0.799,1.1664,0.9277,0.5404,0.6781,1.0458,1.0,0.001
61,2013-02-18,1.2498,1.3873,1.1483,0.8437,1.0367,1.053,1.0562,0.9298,0.6207,1.1853,1.1752,0.5916,1.5929,0.8713,1.1341,1.0129,1.4077,1.4064,1.2117,0.7881,1.4625,0.6355,1.0837,1.7541,0.8467,1.6362,1.3192,0.7956,1.1706,0.9267,0.5423,0.6787,1.0447,1.0,0.001
62,2013-02-25,1.2547,1.414,1.0725,0.8469,1.0059,1.0847,1.0618,0.9465,0.6629,1.2185,1.1508,0.6524,1.6686,0.8253,1.1687,1.0046,1.4038,1.4598,1.2335,0.8264,1.447,0.6921,1.0556,1.6824,0.866,1.8297,1.3364,0.7651,1.193,0.9117,0.5806,0.6838,1.0448,1.0,0.001
63,2013-03-04,1.2455,1.4247,1.0869,0.8552,1.0168,1.087,1.066,0.9519,0.6748,1.215,1.1415,0.7008,1.675,0.8194,1.1633,1.0018,1.4027,1.4863,1.2295,0.8119,1.4913,0.7001,1.0519,1.6991,0.8661,1.8407,1.3338,0.7786,1.1948,0.9072,0.5928,0.6834,1.0415,1.0,0.001
64,2013-03-11,1.2498,1.4037,1.0685,0.8678,1.0545,1.1074,1.0668,0.9189,0.6463,1.2272,1.1077,0.6998,1.6532,0.8125,1.1564,1.004,1.3706,1.4714,1.2026,0.8038,1.7463,0.6654,1.015,1.7193,0.8609,1.7722,1.3708,0.7987,1.2609,0.9037,0.5903,0.6928,1.0571,1.0,0.001
65,2013-03-18,1.2629,1.4358,1.125,0.8644,1.0531,1.0949,1.0682,0.9221,0.6424,1.2309,1.0985,0.7158,1.6967,0.8149,1.1365,1.0019,1.3482,1.4337,1.197,0.8076,1.7448,0.6513,0.9823,1.7329,0.8423,1.7872,1.3917,0.7832,1.2379,0.892,0.5992,0.6846,1.0531,1.0,0.001
66,2013-03-25,1.2283,1.4875,1.0838,0.8483,1.041,1.0944,1.0764,0.9226,0.6276,1.2104,1.0553,0.7312,1.7427,0.8216,1.1962,1.0024,1.3621,1.4315,1.2137,0.8318,1.74,0.6588,1.0508,1.7358,0.8112,1.716,1.3708,0.7861,1.1899,0.8878,0.6173,0.7051,1.0797,1.0,0.001
67,2013-04-01,1.2343,1.4979,1.0806,0.8591,1.044,1.0981,1.086,0.9236,0.6331,1.2166,1.0619,0.7295,1.7536,0.8263,1.1967,1.0041,1.367,1.4396,1.2236,0.8401,1.7365,0.6477,1.0486,1.738,0.8096,1.7348,1.3733,0.7884,1.1989,0.8808,0.6185,0.7039,1.0804,1.0,0.001
68,2013-04-08,1.2343,1.5009,1.0577,0.8092,1.0252,1.1002,1.0977,0.9578,0.6097,1.2168,1.0298,0.5903,1.6932,0.7698,1.3665,0.9915,1.3749,1.2962,1.2531,0.9196,1.5726,0.6075,1.0375,1.7064,0.813,1.665,1.3391,0.7809,1.2316,0.8745,0.6065,0.6192,1.079,1.0,0.001
69,2013-04-15,1.2995,1.5228,0.9996,0.8607,0.9811,1.1051,1.1732,0.9322,0.6231,1.2628,0.9861,0.5221,1.6853,0.7788,1.413,1.0583,1.3162,1.3916,1.179,0.874,1.3774,0.669,1.0489,1.6938,0.6942,1.6259,1.278,0.7365,1.2366,0.8941,0.677,0.6564,1.0444,1.0,0.001
70,2013-04-22,1.3345,1.5001,1.1371,0.8232,0.926,1.0761,1.184,0.8907,0.5946,1.2827,0.9829,0.4769,1.661,0.7994,1.423,1.1013,1.346,1.4541,1.1416,0.9546,1.3231,0.6528,1.0324,1.5954,0.7212,1.5987,1.349,0.7116,1.2476,0.8806,0.6824,0.6559,1.0375,1.0,0.001
71,2013-04-29,1.4635,0.6622,1.1751,0.8838,1.0472,1.1172,1.3022,0.8711,0.6144,1.4128,0.791,0.3922,1.5188,0.6435,1.5557,1.005,1.4211,1.4126,1.1083,0.94,1.2647,0.6346,1.1565,1.4745,0.7838,1.5893,1.4534,0.7739,1.2504,0.8341,0.8026,0.7213,1.0022,1.0,0.001
72,2013-05-06,1.3988,0.5733,1.2064,0.878,1.0578,1.1602,1.3022,0.8676,0.6264,1.3838,0.8172,0.4176,1.5973,0.579,1.5927,0.9586,1.4558,1.4251,1.1076,0.9159,1.3499,0.6837,1.1444,1.4513,0.7634,1.5199,1.5803,0.8572,1.2388,0.8554,0.7987,0.7266,0.9919,1.0,0.0
73,2013-05-13,1.347,0.5142,1.3527,0.849,1.0259,1.02,1.2962,0.8156,0.6596,1.3114,0.8099,0.3732,1.5224,0.5984,1.6243,0.991,1.4483,1.5064,1.1206,0.948,1.2857,0.6547,1.1888,1.4279,0.8713,1.394,1.6526,0.8299,1.1375,0.8669,0.8307,0.815,0.8876,1.0,0.0
74,2013-05-20,1.4114,0.4335,1.282,0.8709,0.9698,0.9421,1.3489,0.8318,0.631,1.1917,0.7619,0.442,1.3292,0.5979,1.582,0.9628,1.3415,1.5139,1.0844,1.086,1.2086,0.6528,1.0854,1.3217,0.874,1.4729,1.7317,0.9077,1.2051,0.8379,0.8134,0.8259,0.8659,1.0,0.0
75,2013-05-27,1.3843,0.5351,1.2155,0.8114,0.9619,0.9959,1.3815,0.7762,0.6895,1.2054,0.7443,0.4629,1.3148,0.6464,1.5938,1.0063,1.363,1.5438,1.1632,1.1059,1.2429,0.6555,1.1192,1.2787,0.8257,1.4625,1.7471,0.9963,1.2855,0.8364,0.7986,0.8159,0.8837,1.0,0.0
76,2013-06-03,1.3453,0.5369,1.1917,0.8431,0.9273,0.9411,1.3681,0.8096,0.6952,1.2,0.6754,0.5366,1.3051,0.6749,1.5609,1.008,1.2852,1.4963,1.1506,1.0175,1.0989,0.6346,1.0488,1.2494,0.8751,1.4626,1.7188,1.001,1.1987,0.8102,0.8433,0.8635,0.8406,1.0,0.0
77,2013-06-10,1.3716,0.5597,1.2031,0.8237,0.8839,0.9423,1.3999,0.7713,0.6985,1.1417,0.6529,0.4998,1.32,0.6622,1.5535,0.9903,1.3026,1.5044,1.1929,1.1651,0.9894,0.6411,1.0415,1.2406,0.8355,1.5471,1.6906,1.016,1.2339,0.7887,0.835,0.8686,0.8468,1.0,0.0
78,2013-06-17,1.3656,0.5958,1.2571,0.8455,0.8563,0.9454,1.3418,0.7749,0.7194,1.1451,0.6369,0.4847,1.2895,0.7067,1.6098,0.9905,1.264,1.4896,1.1856,1.1671,1.0236,0.6072,0.966,1.2458,0.8091,1.6114,1.7219,1.0241,1.269,0.7757,0.8583,0.8347,0.8308,1.0,0.0
79,2013-06-24,1.3416,0.6216,1.2583,0.8833,0.8515,0.7972,1.2636,0.8027,0.7162,1.2438,0.651,0.5721,1.3153,0.7552,1.6219,0.9232,1.2461,1.4107,1.1145,1.1993,0.9615,0.6083,0.9319,1.1654,0.822,1.5771,1.6423,0.9623,1.3085,0.7668,0.8261,0.8825,0.7906,1.0,0.0
80,2013-07-01,1.3336,0.6214,1.238,0.8695,0.7971,0.7992,1.2725,0.8237,0.7328,1.2631,0.6605,0.5873,1.3223,0.7923,1.6377,0.9263,1.2347,1.4095,1.1089,1.2012,0.9704,0.6047,0.9408,1.1711,0.8266,1.5921,1.6186,0.9514,1.3163,0.7598,0.8244,0.894,0.7883,1.0,0.0
81,2013-07-08,1.3699,0.6969,1.3426,0.8489,0.7974,0.8187,1.2855,0.8356,0.6874,1.3363,0.6387,0.5277,1.3187,0.7999,1.4262,0.9432,1.217,1.3996,1.1089,1.209,1.1067,0.6472,0.941,1.189,0.8232,1.5741,1.6852,0.9238,1.3023,0.7626,0.8448,0.8467,0.8034,1.0,0.0
82,2013-07-15,1.3619,0.6533,1.3315,0.8228,0.8001,0.8214,1.29,0.8725,0.7671,1.3973,0.6658,0.4752,1.3039,0.8228,1.4339,0.964,1.3349,1.4757,1.1717,1.2171,1.02,0.6975,0.9402,1.1554,0.8601,1.4965,1.6367,0.9302,1.237,0.7819,0.885,0.7995,0.7625,1.0,0.0
83,2013-07-22,1.3488,0.6501,1.3268,0.8364,0.7906,0.8134,1.2903,0.8662,0.769,1.4312,0.6545,0.4744,1.2878,0.8409,1.4312,0.9599,1.3022,1.4859,1.1348,1.2211,0.968,0.6912,0.9483,1.1861,0.8808,1.4801,1.6165,0.9267,1.2196,0.785,0.9068,0.8074,0.742,1.0,0.0
84,2013-07-29,1.3948,0.6241,1.2883,0.8319,0.8081,0.8072,1.2931,0.8462,0.7869,1.4472,0.6475,0.4622,1.2673,0.8387,1.3982,0.971,1.3157,1.4676,1.1261,1.2128,0.9434,0.6982,0.9426,1.1861,0.885,1.3788,1.6363,0.9127,1.2136,0.7778,0.9148,0.8135,0.7431,1.0,0.0
85,2013-08-05,1.4163,0.619,1.3492,0.8283,0.8229,0.7613,1.313,0.8797,0.7891,1.4471,0.6641,0.4968,1.278,0.8222,1.3818,0.9701,1.3024,1.4647,1.126,1.1913,0.8426,0.694,0.9271,1.1925,0.8954,1.4393,1.6709,0.924,1.2217,0.7688,0.8823,0.8144,0.7092,1.0,0.0
86,2013-08-12,1.3909,0.6082,1.3484,0.8449,0.8316,0.7425,1.2795,0.8493,0.814,1.3738,0.673,0.4998,1.2685,0.7932,1.3797,0.9885,1.3393,1.481,1.1289,1.2113,0.8801,0.6725,0.9853,1.1929,0.9358,1.3627,1.5556,0.9421,1.2305,0.7619,0.8787,0.8314,0.7047,1.0,0.0
87,2013-08-19,1.296,0.6813,1.0318,0.8614,0.8059,0.7734,1.307,0.8524,0.8903,1.4222,0.6409,0.4699,1.3207,0.8523,1.3385,0.9805,1.3147,1.4782,1.1658,1.2058,0.8757,0.7398,0.8592,1.1871,0.9632,1.3444,1.5192,0.9687,1.2326,0.8016,0.9134,0.8187,0.6808,1.0,0.0
88,2013-08-26,1.2881,0.7575,1.0268,0.8514,0.8031,0.7643,1.3483,0.8859,0.9354,1.4408,0.6216,0.5244,1.3193,0.8702,1.3691,0.9602,1.3316,1.5081,1.1801,1.2222,0.8965,0.7644,0.8502,1.1707,0.9588,1.4538,1.4599,0.9934,1.2736,0.8078,0.9951,0.8405,0.6903,1.0,0.0
89,2013-09-02,1.2765,0.8018,1.038,0.9107,0.8145,0.7526,1.3487,0.926,0.9121,1.3999,0.629,0.5121,1.294,0.8821,1.3647,0.9875,1.3237,1.5055,1.1811,1.2096,0.8133,0.7808,0.8609,1.1702,0.9484,1.4088,1.4203,1.0279,1.2347,0.7823,1.0061,0.844,0.673,1.0,0.0
90,2013-09-09,1.2772,0.7927,1.0186,0.9028,0.9279,0.7103,1.3729,0.9358,0.902,1.4166,0.6253,0.5305,1.2913,0.8601,1.3834,0.975,1.3199,1.5483,1.1075,1.1863,0.7648,0.7905,0.8281,1.1826,0.9407,1.3271,1.4448,1.1055,1.2458,0.7802,1.002,0.8312,0.7276,1.0,0.0
91,2013-09-16,1.2773,0.7684,0.9329,0.9086,0.9324,0.7251,1.3362,0.9552,0.8734,1.4217,0.6655,0.4735,1.2496,0.9105,1.4428,0.9781,1.3404,1.5231,1.134,1.1328,0.7589,0.8093,0.8617,1.1805,0.946,1.272,1.4358,1.0906,1.1934,0.7875,0.9913,0.857,0.761,1.0,0.0
92,2013-09-23,1.2854,0.7463,0.9202,0.8832,0.9597,0.7716,1.3937,0.8916,0.9457,1.4183,0.6738,0.4356,1.3095,0.9552,1.4097,1.0215,1.3342,1.489,1.1625,1.1371,0.6976,0.8572,0.8693,1.217,0.8859,1.3139,1.5773,1.0772,1.4693,0.7649,1.0025,0.7877,0.7232,1.0,0.0
93,2013-09-30,1.2821,0.7144,0.8562,0.9454,0.9971,0.7764,1.38,0.8887,0.9164,1.3908,0.6712,0.361,1.3139,0.9774,1.4142,1.0317,1.1976,1.4695,1.1363,1.1217,0.7142,0.8752,1.002,1.2029,0.8988,1.3241,1.5655,1.0974,1.502,0.7552,1.0159,0.7845,0.7332,1.0,0.0
94,2013-10-07,1.3134,0.7156,0.8678,0.947,1.0096,0.8266,1.3264,0.8669,0.9109,1.3343,0.6679,0.3436,1.2917,0.976,1.5295,0.9683,1.1878,1.4865,1.1387,1.0628,0.4719,0.8437,1.022,1.2032,0.9572,1.3253,1.5052,1.1058,1.5538,0.6796,0.9956,0.7747,0.7485,1.0,0.001
95,2013-10-14,1.3116,0.7406,0.8665,0.9454,1.0072,0.8272,1.3189,0.8709,0.9201,1.3422,0.6717,0.3256,1.2777,0.9834,1.5212,0.9572,1.1917,1.4684,1.1394,1.0652,0.4666,0.8475,1.0248,1.2119,0.956,1.3109,1.512,1.1054,1.552,0.6809,1.001,0.7796,0.7507,1.0,0.001
96,2013-10-21,1.3762,1.0349,0.8234,1.1527,0.9797,0.7129,1.2546,0.9002,0.7576,1.2508,0.649,0.3026,1.3249,0.9655,1.4236,1.0201,1.1569,1.5267,1.2877,1.0837,0.6613,0.8163,1.1326,1.0965,0.975,1.0978,1.4396,1.2899,1.5619,0.7011,1.0203,0.7406,0.8541,1.0,0.001
97,2013-10-28,1.3405,1.0346,0.8032,1.1232,1.0207,0.7071,1.2609,0.8763,0.7136,1.2651,0.7144,0.2496,1.3223,0.9228,1.3969,1.0441,1.068,1.5857,1.2513,1.0732,0.4272,0.7901,1.0998,1.0294,0.9953,1.1164,1.4359,1.269,1.5504,0.7053,1.0348,0.7433,0.8576,1.0,0.001
98,2013-11-04,1.4141,1.0822,0.6293,1.1757,1.0408,0.7381,1.1676,0.9745,0.9001,1.3614,0.7239,0.1934,1.4149,1.006,1.575,1.0263,1.1411,1.5787,1.2787,1.0415,1.0911,0.8135,1.0498,0.9707,1.0229,1.1912,1.5515,1.3234,1.5576,0.7363,0.9171,0.6991,0.8692,1.0,0.001
99,2013-11-11,1.4121,1.084,0.6283,1.177,1.0426,0.7367,1.1683,0.9753,0.8978,1.36,0.7235,0.1918,1.4147,1.003,1.5745,1.0274,1.1393,1.5751,1.2794,1.0394,1.0851,0.8147,1.0523,0.9719,1.0217,1.1925,1.5496,1.3208,1.5559,0.7366,0.917,0.6978,0.8695,1.0,0.001
100,2013-11-18,1.4695,1.0819,0.6051,1.1577,1.0753,0.7728,1.1236,0.9772,0.8933,1.4225,0.74,0.2329,1.415,0.9837,1.5834,1.0287,1.1038,1.6072,1.2912,1.064,1.036,0.8397,1.0252,0.9681,0.9963,1.2013,1.5424,1.3056,1.5839,0.7351,0.9109,0.6908,0.8681,1.0,0.001
101,2013-11-25,1.5198,1.0928,0.5697,1.1573,1.0878,0.8204,1.115,0.9838,0.8852,1.4215,0.7353,0.2151,1.4115,0.9925,1.5977,1.0019,1.1129,1.5953,1.3041,1.0684,1.0524,0.8652,1.0371,0.9673,1.0396,1.1748,1.5274,1.3286,1.5603,0.7386,0.9071,0.6989,0.8804,1.0,0.001
102,2013-12-02,1.5144,1.1254,0.531,1.1607,1.1277,0.8286,1.1302,0.9918,0.8569,1.426,0.7342,0.212,1.4082,0.974,1.5514,1.0158,1.0981,1.5646,1.288,1.0423,1.0966,0.8885,1.0522,0.9386,1.031,1.1357,1.5285,1.3179,1.5148,0.7345,0.9486,0.7151,0.8805,1.0,0.001
103,2013-12-09,1.4946,1.205,0.4974,1.1614,1.129,0.8102,1.0804,0.9667,0.8212,1.3776,0.6791,0.1232,1.4664,1.0167,1.5466,1.0263,1.1018,1.5206,1.2852,1.2016,1.0051,0.8375,1.0514,0.8889,1.0259,0.9642,1.493,1.3116,1.5006,0.7422,0.9569,0.7336,0.8251,1.0,0.001
104,2013-12-16,1.3669,1.1777,0.4553,1.1093,1.1201,0.5978,1.0299,0.9388,0.9516,1.5727,0.8922,0.5982,1.4891,1.0683,1.7626,1.0226,1.1203,1.5642,1.3026,1.3542,1.0373,0.7283,1.0283,0.6885,1.0507,0.7989,1.4746,1.3362,1.6426,0.7696,0.9369,0.6309,0.7605,1.0,0.001
105,2013-12-23,1.3646,1.0869,0.4035,1.1431,1.268,0.4779,1.1342,0.8645,1.0007,1.5946,0.8228,0.5752,1.46,1.0371,1.771,1.0041,1.1153,1.5798,1.312,1.254,0.882,0.7017,1.1625,0.754,1.0022,0.7837,1.4748,1.3412,1.4054,0.9058,0.9765,0.6287,0.7424,1.0,0.001
106,2013-12-30,1.3479,1.0704,0.4448,1.1584,1.2815,0.4771,1.1267,0.8847,0.9842,1.5907,0.8572,0.5694,1.454,1.0299,1.7361,0.9902,1.0716,1.5475,1.3148,1.2567,0.8526,0.6801,1.1563,0.8138,0.989,0.7167,1.4774,1.3768,1.3544,0.9009,0.9558,0.6571,0.7201,1.0,0.001
107,2014-01-06,1.3309,1.0329,0.6035,1.1502,1.2722,0.4924,1.1446,0.8639,0.9929,1.6184,0.851,0.587,1.4283,1.0175,1.7183,0.9876,1.0627,1.5221,1.3211,1.2697,0.8236,0.6954,1.1417,0.8093,0.9931,0.6447,1.4769,1.3428,1.3408,0.9026,0.9571,0.6548,0.694,1.0,0.001
108,2014-01-13,1.3401,1.0469,0.59,1.1456,1.2707,0.4945,1.1423,0.8627,0.9955,1.6261,0.8507,0.5952,1.4161,1.0295,1.7226,0.9846,1.0542,1.5472,1.3216,1.2801,0.801,0.7141,1.1501,0.811,0.9888,0.6513,1.4574,1.3396,1.3427,0.8962,0.9472,0.6321,0.6969,1.0,0.001
109,2014-01-20,1.3164,1.0378,0.5841,1.1478,1.2562,0.4783,1.1646,0.8679,1.0007,1.6351,0.8508,0.602,1.4326,1.01,1.6962,1.0,1.0537,1.5415,1.3008,1.2649,1.1183,0.7374,1.1443,0.8673,0.995,0.6811,1.4743,1.3274,1.3528,0.8918,0.951,0.6176,0.7126,1.0,0.001
110,2014-01-27,1.3481,1.0302,0.4979,1.274,1.274,0.5816,1.2049,0.9095,0.9369,1.6278,0.9065,0.6947,1.5072,0.9625,1.5832,1.0611,1.0414,1.5182,1.4187,1.329,0.9828,0.8111,1.2045,0.8679,1.0243,0.5295,1.2948,1.2992,1.2699,0.9992,0.8385,0.5856,0.7942,1.0,0.001
111,2014-02-03,1.335,1.0395,0.5563,1.2594,1.2907,0.579,1.1992,0.9374,0.9006,1.608,0.9181,0.6278,1.5045,0.9438,1.5524,1.0624,1.0531,1.5815,1.4102,1.2868,1.0387,0.7617,1.1656,0.8446,1.014,0.4855,1.2465,1.2619,1.25,1.017,0.9028,0.5928,0.7713,1.0,0.001
112,2014-02-10,1.3386,1.0677,0.5633,1.2572,1.2909,0.6081,1.1977,0.9852,0.8924,1.6142,0.9118,0.6173,1.5058,0.9688,1.6337,1.0718,1.0583,1.5772,1.409,1.3074,1.054,0.7541,1.1759,0.8422,1.0179,0.5632,1.2536,1.2534,1.2688,1.0201,0.8911,0.5775,0.7592,1.0,0.001
113,2014-02-17,1.1258,1.0871,0.6626,1.2782,1.2327,0.6983,1.202,1.1032,0.9527,1.6222,0.9228,0.6051,1.4077,0.9366,1.7143,1.0177,1.2663,1.4841,1.3808,1.3189,0.7505,0.8417,1.223,0.7889,1.0184,0.6858,1.1974,1.2294,1.1011,1.006,0.8721,0.593,0.7098,1.0,0.001
114,2014-02-24,1.1191,1.0812,0.6754,1.2833,1.2289,0.7075,1.2099,1.1062,0.9218,1.6185,0.9209,0.539,1.4141,0.9325,1.7273,1.0065,1.2694,1.5155,1.3865,1.3059,0.7375,0.8356,1.2468,0.7976,1.0344,0.7026,1.1752,1.2398,1.1027,1.0055,0.8784,0.599,0.7269,1.0,0.001
115,2014-03-03,1.086,1.0569,0.693,1.286,1.1893,0.7171,1.212,1.0863,0.9034,1.5325,0.944,0.5082,1.3938,0.9239,1.691,1.0067,1.2399,1.5291,1.3794,1.2955,0.8418,0.7463,1.2297,0.8036,1.076,0.6649,1.17,1.2261,1.0992,1.0149,0.9067,0.5711,0.7234,1.0,0.001
116,2014-03-10,1.0914,1.0331,0.7151,1.2571,1.1778,0.7063,1.2071,1.0747,0.8818,1.542,0.9549,0.4703,1.3968,0.9276,1.676,1.0171,1.2515,1.5271,1.3845,1.2787,0.8267,0.7542,1.2197,0.8075,1.0492,0.6529,1.181,1.2299,1.0832,1.0085,0.9078,0.5796,0.7383,1.0,0.001
117,2014-03-17,1.1758,1.0168,0.6559,1.2895,1.2167,0.7325,1.0757,1.0669,0.769,1.5134,0.9109,0.5312,1.4665,0.9543,1.6378,1.0152,1.2997,1.4071,1.2854,1.2472,1.0056,0.7759,1.2139,0.871,1.0092,0.5984,1.169,1.2582,1.1046,1.0479,0.9261,0.6112,0.7627,1.0,0.001
118,2014-03-24,1.0747,1.0432,0.6647,1.2653,1.2464,0.6844,1.149,1.1066,0.7472,1.457,0.8976,0.5321,1.466,0.9757,1.6442,1.0227,1.3606,1.2793,1.3242,1.2183,1.201,0.7375,1.2605,0.9517,1.0369,0.5816,1.1932,1.2932,1.0393,1.0733,0.9097,0.6562,0.7426,1.0,0.001
119,2014-03-31,0.9763,1.0308,0.4181,1.359,1.3041,0.7249,1.1563,1.2323,0.8047,1.4668,0.9058,0.5938,1.4606,1.0015,1.6118,1.0063,1.2788,1.2748,1.385,1.077,1.1951,0.7578,1.3362,1.0653,1.0704,0.4913,1.0435,1.4431,1.0746,1.0702,0.8745,0.6883,0.757,1.0,0.001
120,2014-04-07,1.0348,1.0068,0.3322,1.4233,1.2527,0.7426,1.1287,1.2065,0.8195,1.4303,0.8169,0.5897,1.4221,1.044,1.2771,1.0304,1.179,1.342,1.3913,1.0115,1.2134,0.7565,1.321,1.072,1.0239,0.4283,1.0114,1.4802,1.0252,1.1325,0.8513,0.7561,0.7767,1.0,0.0
121,2014-04-14,1.1522,1.0884,0.2664,1.4565,1.1956,0.6819,0.9449,1.2995,0.7464,1.3373,0.8357,0.7234,1.2625,1.1125,1.2073,1.0599,1.2334,1.3688,1.3302,1.0861,1.1835,0.7886,1.2743,1.1018,0.9116,0.4799,0.8381,1.3879,1.0935,1.0987,0.7761,0.723,0.8554,1.0,0.0
122,2014-04-21,1.1351,1.1095,0.2673,1.5373,1.2111,0.8421,0.9273,1.1925,0.7611,1.3204,0.9021,0.6671,1.2726,1.0574,1.1905,1.0099,1.137,1.3759,1.316,1.113,1.0646,0.8112,1.2329,1.0508,0.8939,0.4922,0.8869,1.2985,1.1137,1.111,0.7822,0.7773,0.8494,1.0,0.0
123,2014-04-28,1.1005,1.1453,0.3283,1.5766,1.2105,0.8728,0.9226,1.2481,0.7487,1.4095,0.9008,0.6212,1.27,1.0101,1.2171,1.0231,1.1932,1.4062,1.2937,1.0427,0.9864,0.8014,1.2769,1.0506,0.867,0.5178,0.9381,1.2993,1.0895,1.1448,0.7664,0.8127,0.9018,1.0,0.0
124,2014-05-05,1.1111,1.1061,0.3858,1.6522,1.2373,0.7984,0.8714,1.2908,0.657,1.3819,0.9148,0.6459,1.2753,0.9943,1.2019,1.0087,1.1678,1.3868,1.2253,1.0509,1.008,0.7406,1.2143,1.0886,0.9007,0.5226,0.9185,1.2707,1.0828,1.1556,0.776,0.8231,0.8878,1.0,0.0
125,2014-05-12,1.1179,1.0739,0.4092,1.6342,1.265,0.84,0.796,1.2765,0.6546,1.3573,0.9724,0.6147,1.2907,0.944,1.2297,1.0021,1.262,1.4812,1.2359,1.097,1.1224,0.7375,1.2537,1.0973,0.8513,0.6012,0.9029,1.2974,1.1072,1.1788,0.7442,0.752,0.9178,1.0,0.0
126,2014-05-19,1.1288,1.0721,0.4155,1.6247,1.271,0.8202,0.7957,1.2744,0.6455,1.3437,0.9714,0.6011,1.2839,0.9569,1.2408,1.0154,1.2425,1.4629,1.2445,1.0906,1.1324,0.738,1.2729,1.092,0.8479,0.6059,0.9083,1.2956,1.1062,1.1813,0.743,0.7444,0.9236,1.0,0.0
127,2014-05-26,1.1129,1.0455,0.3915,1.6248,1.2815,0.8107,0.7969,1.3047,0.5958,1.2906,0.987,0.6394,1.3139,0.9269,1.161,1.0085,1.2261,1.5064,1.2201,1.1744,1.1866,0.7985,1.373,1.0801,0.858,0.5849,0.8667,1.352,1.1005,1.1806,0.7194,0.7293,0.9245,1.0,0.0
128,2014-06-02,1.1089,1.0261,0.3008,1.6327,1.3417,0.9667,0.8574,1.3035,0.5921,1.1814,1.0108,0.5121,1.282,0.8782,1.1022,1.0772,1.232,1.5888,1.2971,1.1222,1.2751,0.8128,1.4183,1.1693,0.8569,0.4867,0.8791,1.4544,1.0489,1.2145,0.7551,0.6578,0.9725,1.0,0.0
129,2014-06-09,1.1394,1.0472,0.3385,1.6308,1.413,0.9854,0.8397,1.3058,0.5653,1.1738,1.0109,0.4684,1.2818,0.84,1.1285,1.0814,1.3106,1.6253,1.2939,1.1253,1.3068,0.8045,1.3972,1.1709,0.8608,0.4515,0.8964,1.434,1.0734,1.2194,0.7416,0.6233,0.9847,1.0,0.001
130,2014-06-16,1.118,1.086,0.3055,1.6521,1.4063,0.9667,0.8553,1.3052,0.6401,1.2272,1.0566,0.4964,1.2933,0.8447,1.1044,1.0743,1.2786,1.6115,1.2792,1.1483,1.2104,0.8629,1.4161,1.1307,0.8833,0.4595,0.7936,1.441,1.1017,1.2227,0.7334,0.6101,0.9766,1.0,0.001
131,2014-06-23,1.1015,1.2252,0.2667,1.7698,1.4326,1.0612,0.8224,1.2937,0.5757,1.2163,1.0465,0.6031,1.3008,0.799,1.1042,1.0222,1.109,1.4804,1.1867,1.0728,1.2849,0.826,1.4452,1.2079,0.8107,0.3845,0.8167,1.4533,1.363,1.2299,0.7285,0.6672,1.0339,1.0,0.001
132,2014-06-30,1.1126,1.2229,0.2713,1.7668,1.4478,1.077,0.8338,1.294,0.5596,1.2024,1.0495,0.6027,1.3116,0.7949,1.1133,1.0166,1.1265,1.4845,1.25,1.0687,1.2512,0.8235,1.4544,1.1977,0.803,0.397,0.8004,1.4533,1.3748,1.2355,0.7448,0.6612,1.0338,1.0,0.001
133,2014-07-07,1.1115,1.2104,0.2959,1.7941,1.4212,1.0744,0.8689,1.2874,0.5092,1.1671,1.059,0.5945,1.3121,0.7753,1.1345,1.003,1.1145,1.5228,1.2527,1.0853,1.2849,0.8358,1.4453,1.2038,0.7985,0.4034,0.7621,1.4406,1.382,1.2325,0.7326,0.6651,1.0277,1.0,0.0
134,2014-07-14,1.1419,1.2284,0.2481,1.8016,1.424,1.1127,0.7814,1.2859,0.467,1.155,1.0465,0.6155,1.2993,0.7867,1.1925,1.0058,1.1052,1.495,1.2491,1.0957,1.3273,0.8395,1.4632,1.2061,0.7452,0.3812,0.8072,1.4283,1.3564,1.2295,0.7039,0.6573,1.0143,1.0,0.0
135,2014-07-21,1.1526,1.2263,0.2056,1.8084,1.4292,1.1134,0.8288,1.3245,0.4134,1.2347,1.0534,0.5858,1.3178,0.8181,1.1957,0.9733,1.0475,1.4947,1.2355,1.0996,1.3242,0.8641,1.4398,1.1942,0.708,0.4365,0.8909,1.4284,1.38,1.2518,0.6877,0.6306,1.0134,1.0,0.0
136,2014-07-28,1.2745,1.2218,0.5469,1.8544,1.4494,1.0493,0.7818,1.3608,0.267,1.2176,1.0826,0.6244,1.3612,0.6921,1.232,0.96,1.1388,1.5116,1.1939,1.1394,1.3899,0.8918,1.5563,1.2316,0.6638,0.3781,0.8741,1.4041,1.3743,1.2714,0.6318,0.6259,1.0425,1.0,0.0
137,2014-08-04,1.1703,1.2444,0.5672,1.7484,1.3653,1.1543,0.8381,1.3835,0.3572,1.1843,1.2348,0.5998,1.3611,0.6356,1.2705,0.8512,1.0581,1.5419,1.1234,1.1276,1.4317,0.8099,1.4002,1.2062,0.5789,0.3064,0.9513,1.4108,1.2493,1.2763,0.6881,0.5811,0.9584,1.0,0.0
138,2014-08-11,1.1709,1.1977,0.5068,1.7193,1.377,1.2014,0.8048,1.3612,0.3665,1.2058,1.2444,0.6389,1.3835,0.5743,1.2703,0.8153,1.0114,1.5443,1.1052,1.1586,1.6025,0.7867,1.408,1.1793,0.5825,0.3786,0.9444,1.4064,1.2494,1.3377,0.6856,0.5755,0.9938,1.0,0.0
139,2014-08-18,1.2001,1.2745,0.5238,1.7293,1.3668,1.2026,0.8034,1.3308,0.4048,1.1766,1.2527,0.6727,1.3737,0.571,1.2717,0.8181,1.0587,1.5406,1.1409,1.1317,1.553,0.7956,1.4482,1.1776,0.5506,0.335,0.9038,1.3721,1.1537,1.3349,0.6842,0.6027,0.9977,1.0,0.0
140,2014-08-25,1.1703,1.3366,0.7377,1.6662,1.378,1.2271,0.7674,1.3206,0.4747,1.1857,1.1848,0.8061,1.3663,0.5651,1.1504,0.772,0.9939,1.532,1.1553,1.1879,1.6046,0.7352,1.3995,1.1679,0.5474,0.4867,0.9339,1.3933,1.2009,1.313,0.6824,0.5402,0.9709,1.0,0.0
141,2014-09-01,1.086,1.3411,0.7506,1.6717,1.3491,1.1278,0.7547,1.3116,0.4079,1.1944,1.1833,0.8212,1.3794,0.5575,1.1284,0.7364,1.0326,1.4844,1.1682,1.1698,1.6288,0.7427,1.4285,1.1572,0.5422,0.4422,0.9263,1.3799,1.2219,1.3164,0.6557,0.5537,0.9789,1.0,0.0
142,2014-09-08,1.0905,1.3918,0.8237,1.5865,1.2999,1.1341,0.7567,1.3366,0.4347,1.2384,1.2105,0.9427,1.3849,0.5084,1.116,0.7156,1.2405,1.5163,1.2066,1.2069,1.66,0.7054,1.2289,1.1758,0.5113,0.4227,0.9227,1.3471,1.1749,1.3481,0.6189,0.5474,0.9732,1.0,0.0
143,2014-09-15,1.0467,1.4315,0.7621,1.5776,1.2835,1.1657,0.7378,1.3589,0.5189,1.2677,1.2449,0.9154,1.3512,0.5995,1.069,0.7261,1.2537,1.5695,1.1747,1.1855,1.5448,0.7144,1.2025,1.2017,0.5191,0.4145,0.9806,1.3518,1.1788,1.3185,0.6188,0.5668,0.9965,1.0,0.0
144,2014-09-22,1.0331,1.4005,0.7322,1.5869,1.2606,1.0768,0.7591,1.2775,0.5224,1.2679,1.2013,0.9584,1.3377,0.5669,1.0619,0.7398,1.2407,1.5708,1.1597,1.0976,1.5599,0.7074,1.2388,1.2232,0.5181,0.4387,0.9751,1.379,1.196,1.3218,0.6606,0.5876,0.9834,1.0,0.0
145,2014-09-29,1.0517,0.9892,0.7,1.4343,1.2726,1.055,0.7385,1.2012,0.5567,1.2696,1.1605,0.9052,1.2775,0.5822,1.1814,0.7303,1.3639,1.5039,1.0725,1.0496,1.4332,0.705,1.2403,1.3436,0.5132,0.5236,0.9548,1.0889,1.4475,1.3869,0.6385,0.5489,0.9798,1.0,0.0
146,2014-10-06,1.0506,0.9102,0.6959,1.4361,1.2409,1.038,0.698,1.1637,0.5112,1.2609,1.1558,0.9053,1.3047,0.5718,1.2884,0.7321,1.4395,1.4078,1.1162,1.0908,1.3976,0.7194,1.2349,1.3428,0.5048,0.4359,1.0079,1.0865,1.4701,1.3927,0.626,0.5296,0.9697,1.0,0.0
147,2014-10-13,1.1453,0.8747,0.5825,1.2781,1.2533,1.2175,1.0015,1.2492,0.3834,1.3419,1.0826,0.9781,1.382,0.4378,1.3473,0.6821,1.4347,1.3485,1.3052,1.1333,1.5418,0.6699,1.5005,1.2675,0.3913,0.4658,1.2457,1.1637,1.3758,1.3974,0.5221,0.5858,0.9511,1.0,0.0
148,2014-10-20,1.1674,0.8561,0.6252,1.2659,1.2284,1.1784,1.0399,1.101,0.3794,1.3094,1.0482,1.0493,1.3408,0.4267,1.3982,0.6821,1.4145,1.3675,1.2197,1.0773,1.478,0.6875,1.4854,1.3193,0.4209,0.4746,1.2782,1.236,1.3255,1.3391,0.5514,0.5787,0.9192,1.0,0.0
149,2014-10-27,1.0382,0.8692,0.7959,1.2482,1.1575,1.1038,1.023,1.1199,0.4542,1.1713,0.9854,1.0815,1.2494,0.4723,1.2966,0.6944,1.451,0.9158,1.0727,1.0859,1.4718,0.7136,1.679,1.2631,0.5238,0.5842,1.2197,1.262,1.6132,1.4416,0.6036,0.4718,0.8522,1.0,0.0
150,2014-11-03,1.0343,0.8818,0.7969,1.2318,1.1711,1.141,1.0253,1.137,0.484,1.1715,0.9823,1.0277,1.2367,0.5262,1.4184,0.731,1.4792,1.0167,1.0843,1.0923,1.4836,0.7058,1.6746,1.2866,0.542,0.6436,1.1504,1.2697,1.6173,1.4308,0.6014,0.5103,1.0273,1.0,0.0
151,2014-11-10,1.0456,0.8629,0.8064,1.2258,1.1795,1.1464,1.0456,1.1331,0.4866,1.1527,0.9771,1.0252,1.2378,0.5199,1.4135,0.7351,1.4816,1.0193,1.0833,1.094,1.5001,0.7002,1.6742,1.2865,0.5539,0.5969,1.1768,1.2578,1.6136,1.4378,0.6084,0.509,1.0278,1.0,0.0
152,2014-11-17,1.0537,0.8724,0.8124,1.2218,1.1742,1.1391,1.0572,1.1403,0.486,1.1621,0.9802,1.0271,1.2363,0.5257,1.419,0.7358,1.4749,1.0289,1.0854,1.0951,1.5063,0.6993,1.6717,1.2887,0.5467,0.596,1.1744,1.2616,1.6182,1.4289,0.6065,0.5072,1.0317,1.0,0.0
153,2014-11-24,1.1037,0.9755,0.8115,1.1889,1.1541,1.327,1.0227,1.1799,0.4259,1.0611,0.9988,1.0067,1.2868,0.5313,1.4826,0.701,1.4858,1.0653,1.1035,1.133,1.5942,0.7478,1.7446,1.2825,0.4985,0.6995,1.2009,1.2697,1.6564,1.431,0.5954,0.4645,1.0807,1.0,0.0
154,2014-12-01,1.0884,1.0413,0.8863,1.1685,1.0297,1.4495,0.9282,1.2421,0.3655,1.0152,1.0506,1.0361,1.2944,0.5554,1.4733,0.7058,1.5024,1.009,1.0867,1.2023,1.7066,0.7611,1.6635,1.2506,0.5176,0.6834,1.2015,1.2489,1.8573,1.3404,0.5539,0.4622,1.108,1.0,0.0
155,2014-12-08,1.096,1.0584,0.8789,1.1725,1.0176,1.4621,0.9342,1.2232,0.3784,1.0147,1.0359,1.0378,1.3078,0.5609,1.5109,0.7221,1.5159,1.0166,1.0969,1.1947,1.6982,0.7648,1.6581,1.2514,0.5281,0.7321,1.2035,1.2414,1.9094,1.3402,0.5749,0.4376,1.1267,1.0,0.0
156,2014-12-15,1.1716,0.8346,0.9246,1.1627,1.0565,1.1264,1.0414,1.1371,0.36,0.9718,0.9625,1.0361,1.2179,0.5413,1.5069,0.7045,1.5414,0.9318,1.0506,1.2214,1.3795,0.7991,1.5876,1.2287,0.5932,0.6825,1.4533,1.1189,1.7239,1.2876,0.6133,0.5556,1.1044,1.0,0.0
157,2014-12-22,1.1742,0.74,0.8867,1.1915,1.2195,0.972,1.0795,1.1889,0.4641,0.9313,1.0184,0.9714,1.1918,0.5452,1.4635,0.7252,1.5349,0.8078,1.0826,1.2391,1.454,0.8328,1.5545,1.198,0.6085,0.5635,1.7272,1.0162,1.9457,1.316,0.6012,0.6305,0.9838,1.0,0.0
158,2014-12-29,1.1836,0.7424,0.8932,1.1827,1.2252,0.9793,1.0759,1.1858,0.4806,0.9507,1.0205,0.9474,1.1846,0.5543,1.4717,0.7182,1.5335,0.8283,1.09,1.2418,1.2893,0.8118,1.562,1.1715,0.6049,0.5546,1.7106,1.0396,1.9317,1.3155,0.5922,0.6437,0.9737,1.0,0.0
159,2015-01-05,1.1481,0.7296,1.0125,1.092,1.2208,0.9719,1.0689,1.1962,0.5264,0.9453,0.9919,0.8866,1.0905,0.5386,1.5572,0.6502,1.5551,0.7969,1.0042,1.2022,1.4117,0.7833,1.4991,1.1709,0.5546,0.6851,1.8074,1.0555,2.0039,1.2582,0.6628,0.6633,0.9571,1.0,0.0
160,2015-01-12,1.1442,0.7131,0.9384,1.0848,1.1988,0.9756,1.115,1.1528,0.5741,1.0041,1.0254,0.8948,1.1287,0.5311,1.576,0.6523,1.5619,0.7765,1.0089,1.2352,1.3867,0.7691,1.4832,1.1982,0.5449,0.7417,1.8054,1.1256,2.023,1.257,0.6008,0.67,0.9454,1.0,0.0
161,2015-01-19,1.1884,0.7552,0.9903,1.0878,1.1922,0.9395,1.1292,1.0979,0.5353,0.9389,1.0182,0.8945,1.1564,0.4889,1.5091,0.6318,1.5797,0.7801,1.0252,1.2736,1.466,0.7914,1.4796,1.2211,0.5694,0.6875,1.7567,1.073,2.0072,1.2344,0.5454,0.6429,0.9882,1.0,0.0
162,2015-01-26,1.3579,0.7858,1.0,1.028,1.1908,0.8526,1.122,1.0615,0.4906,0.8287,1.0386,0.9291,1.1923,0.5008,1.4746,0.6531,1.4753,0.8968,1.0858,1.3072,1.4862,0.759,1.4994,1.2307,0.5729,0.6612,1.7542,1.128,2.087,1.2545,0.575,0.5982,0.9901,1.0,0.0
163,2015-02-02,1.3297,0.6913,0.8516,0.9131,1.2567,0.9232,1.1071,1.0689,0.5323,0.851,1.0304,1.0183,1.2339,0.5198,1.4901,0.6787,1.5122,0.5216,1.0703,1.2582,1.3824,0.7257,1.5179,1.2791,0.52,0.5473,1.6307,1.067,2.0542,1.201,0.6004,0.5873,0.9575,1.0,0.0
164,2015-02-09,1.3421,0.6943,0.8275,0.8788,1.2981,0.943,1.0725,0.9025,0.3985,0.8596,1.1074,1.0312,1.2939,0.432,1.5296,0.6662,1.5622,0.575,1.0646,1.4285,1.3669,0.7448,1.399,1.272,0.5456,0.561,1.7081,0.9959,1.9983,1.1648,0.5487,0.6988,0.9216,1.0,0.0
165,2015-02-16,1.3297,0.5813,0.8926,0.8803,1.2931,0.9956,1.0548,0.9382,0.3557,0.8061,1.0918,1.0701,1.2984,0.3892,1.6566,0.6418,1.5028,0.575,1.0577,1.4249,1.4141,0.7316,1.3783,1.2858,0.5769,0.5771,1.6936,1.0238,2.0193,1.1416,0.5585,0.6654,0.9409,1.0,0.0
166,2015-02-23,1.3001,0.5729,0.8888,0.8861,1.2846,0.9998,1.1364,0.9117,0.4268,0.8117,1.095,1.117,1.261,0.3792,1.6806,0.6359,1.4775,0.603,1.09,1.4284,1.4417,0.7524,1.3741,1.2683,0.5853,0.59,1.6779,0.9986,2.031,1.1222,0.5416,0.6768,0.8928,1.0,0.0
167,2015-03-02,1.2993,0.5718,0.9003,0.9128,1.2847,1.0096,1.1481,0.9006,0.4432,0.7751,1.1188,1.1612,1.2484,0.3978,1.693,0.6394,1.4336,0.6433,1.0783,1.4252,1.4351,0.7844,1.3449,1.2521,0.5968,0.6009,1.6844,0.9826,2.04,1.1154,0.5396,0.6324,0.8839,1.0,0.0
168,2015-03-09,1.281,0.6085,0.9137,0.921,1.2227,0.9993,1.1793,0.854,0.4865,0.8524,1.0943,1.1337,1.205,0.416,1.6278,0.6497,1.4704,0.5964,1.0175,1.3939,1.3394,0.7824,1.2675,1.2259,0.5547,0.5843,1.7157,0.9092,2.057,1.1349,0.6179,0.6745,0.9011,1.0,0.0
169,2015-03-16,1.282,0.6078,0.9367,0.9097,1.2419,1.0024,1.1709,0.8398,0.4812,0.8626,1.0849,1.1086,1.2053,0.3838,1.6188,0.6423,1.4503,0.6209,1.0095,1.4068,1.3112,0.7713,1.2417,1.2053,0.5593,0.5934,1.7146,0.9356,2.0425,1.1359,0.6486,0.6842,0.9079,1.0,0.0
170,2015-03-23,1.2472,0.5281,0.8961,0.8377,1.2991,0.9691,1.2858,0.7692,0.5768,0.9993,1.0665,1.0594,1.1967,0.4119,1.6104,0.6404,1.327,0.5803,1.0256,1.3986,1.1314,0.7326,1.2599,1.1724,0.6122,0.6026,1.7877,0.9449,2.0115,1.1263,0.6586,0.7051,0.8483,1.0,0.0
171,2015-03-30,1.2293,0.4794,0.9552,0.7769,1.1933,0.9781,1.2799,0.7816,0.6156,1.0282,1.0126,1.0934,1.2142,0.4901,1.6109,0.6799,1.457,0.5547,1.0481,1.4039,1.3407,0.7236,1.2508,1.2128,0.6392,0.4905,1.6701,0.9666,1.9666,1.101,0.6834,0.6603,0.8649,1.0,0.0
172,2015-04-06,1.2301,0.4752,0.9728,0.7703,1.1918,0.9713,1.2784,0.7724,0.6197,1.0339,1.0086,1.0913,1.2191,0.4938,1.6006,0.6814,1.451,0.5397,1.05,1.4041,1.3374,0.7191,1.2554,1.2098,0.6411,0.4891,1.6743,0.9573,1.9647,1.0984,0.6868,0.652,0.86,1.0,0.001
173,2015-04-13,1.25,0.508,0.9511,0.774,1.1856,0.9688,1.2857,0.7796,0.6236,1.0559,0.9991,1.0476,1.2232,0.4348,1.5741,0.6678,1.4315,0.5526,1.0414,1.4198,1.287,0.7494,1.2338,1.1789,0.6135,0.4871,1.6948,0.9412,1.8874,1.0962,0.6899,0.6134,0.8681,1.0,0.001
174,2015-04-20,1.2557,0.5149,0.9615,0.7901,1.1876,0.9948,1.2741,0.7914,0.6348,1.0436,0.9977,1.0278,1.1992,0.4441,1.5555,0.6841,1.4665,0.5538,1.0597,1.4208,1.3288,0.7597,1.2525,1.1556,0.6437,0.4933,1.6648,0.9552,1.9086,1.1202,0.7026,0.6077,0.8911,1.0,0.001
175,2015-04-27,1.218,0.4872,0.9866,0.8253,1.1761,1.0288,1.2454,0.8212,0.6521,1.0542,0.9774,1.0045,1.1685,0.4643,1.5801,0.6661,1.4634,0.727,1.0008,1.3912,1.2606,0.7635,1.2062,1.1116,0.6521,0.5005,1.6477,1.0217,1.8526,1.078,0.6916,0.6495,0.9181,1.0,0.001
176,2015-05-04,1.2174,0.4956,0.9863,0.8409,1.1834,1.0081,1.238,0.818,0.6814,1.0961,0.9935,1.0049,1.1539,0.4727,1.5973,0.6732,1.5195,0.73,1.0046,1.3521,1.2349,0.7768,1.2028,1.0953,0.673,0.4731,1.6176,1.0068,1.8689,1.0896,0.715,0.6745,0.9262,1.0,0.0
177,2015-05-11,1.2188,0.4951,0.9743,0.844,1.1823,1.0145,1.2292,0.8069,0.6713,1.0821,0.9958,1.025,1.1609,0.476,1.6064,0.677,1.5194,0.7415,1.0141,1.376,1.2347,0.7645,1.2128,1.0896,0.675,0.4867,1.6145,1.004,1.8977,1.0895,0.7112,0.6737,0.927,1.0,0.0
178,2015-05-18,1.1993,0.4779,0.9736,0.8567,1.1762,0.9991,1.2424,0.7815,0.6788,1.0708,0.9876,1.0515,1.1521,0.4734,1.5807,0.6667,1.4691,0.7055,1.0124,1.3742,1.2035,0.7747,1.2261,1.082,0.6686,0.4828,1.617,1.0179,1.8841,1.0912,0.7271,0.6933,0.9214,1.0,0.0
179,2015-05-25,1.1994,0.4576,0.9665,0.8538,1.1737,1.0008,1.2269,0.7926,0.6647,1.0647,0.9863,1.0516,1.151,0.4784,1.6007,0.6646,1.4942,0.6987,1.0099,1.3524,1.1985,0.7466,1.2082,1.0838,0.6523,0.4874,1.6554,1.0178,1.8558,1.0896,0.7287,0.6961,0.9187,1.0,0.0
180,2015-06-01,1.2241,0.4664,1.0003,0.8472,1.1823,0.9428,1.2095,0.786,0.6369,1.0069,0.9709,1.0196,1.1599,0.4882,1.5925,0.6783,1.4765,0.7136,1.0217,1.3744,1.2063,0.7433,1.2278,1.0698,0.6692,0.7467,1.6684,1.0244,1.7296,1.0905,0.6936,0.6945,0.9237,1.0,0.0
181,2015-06-08,1.2276,0.4538,1.0086,0.8453,1.1784,0.9392,1.223,0.7923,0.667,1.0249,0.9694,1.0319,1.1319,0.504,1.5945,0.6808,1.4649,0.716,1.015,1.3705,1.2212,0.7429,1.206,1.0536,0.6851,0.7089,1.6734,1.0238,1.6981,1.0922,0.7239,0.6908,0.9162,1.0,0.0
182,2015-06-15,1.2233,0.4517,1.0068,0.8294,1.1915,0.9315,1.2005,0.7919,0.7027,1.0361,0.9718,1.0549,1.1286,0.519,1.6012,0.6861,1.4634,0.6948,1.0146,1.3676,1.2074,0.7355,1.2241,1.0441,0.6902,0.7031,1.6905,1.0219,1.7043,1.0949,0.7233,0.6882,0.92,1.0,0.0
183,2015-06-22,1.2007,0.4376,1.0117,0.8295,1.1794,0.919,1.2347,0.7694,0.7299,1.0592,0.9678,1.0436,1.1158,0.5501,1.57,0.6689,1.4781,0.7179,1.0063,1.3694,1.1679,0.7389,1.2156,1.0435,0.7045,0.6938,1.6789,1.0257,1.6697,1.0944,0.7595,0.694,0.9246,1.0,0.0
184,2015-06-29,1.1965,0.4371,1.0173,0.8187,1.1736,0.9032,1.2485,0.7752,0.7336,1.0729,0.9551,1.041,1.1069,0.5533,1.5813,0.6749,1.4715,0.7064,1.023,1.3788,1.1787,0.7568,1.2079,1.0469,0.7132,0.7274,1.678,1.0188,1.6775,1.0987,0.7693,0.6734,0.9365,1.0,0.0
185,2015-07-06,1.1902,0.4459,1.0149,0.8228,1.1804,0.9178,1.2518,0.7907,0.704,1.0687,0.9704,1.031,1.1042,0.5293,1.582,0.6812,1.4533,0.6949,0.9915,1.3963,1.1821,0.7694,1.2136,1.043,0.7194,0.7478,1.6962,1.0184,1.6838,1.0975,0.7722,0.6748,0.9433,1.0,0.0
186,2015-07-13,1.25,0.3781,1.0355,0.8136,1.1966,0.8532,1.2604,0.7376,0.6802,1.0845,0.8651,1.0749,1.077,0.5464,1.5744,0.7254,1.541,0.6013,1.0216,1.4222,1.1105,0.8148,1.2609,1.0459,0.7585,0.8462,1.7262,0.9966,1.7594,1.0842,0.738,0.7071,0.9825,1.0,0.0
187,2015-07-20,1.2287,0.4072,1.0744,0.7772,1.1722,0.8486,1.2356,0.7067,0.6706,1.0606,0.8265,1.0507,1.0679,0.5508,1.5731,0.7262,1.3961,0.7075,0.9708,1.3339,1.009,0.8057,1.2525,1.0667,0.7448,0.7594,1.6041,1.3625,1.709,1.0582,0.7602,0.7224,0.9797,1.0,0.0
188,2015-07-27,1.1821,0.3835,1.0941,0.7048,1.1326,0.8333,1.2119,0.8701,0.682,1.0725,0.7808,1.0448,1.0297,0.5152,1.5063,0.6758,1.3189,0.5021,0.8791,1.3063,1.0159,0.8553,1.2429,1.2819,0.7313,0.7625,1.6882,1.4513,1.7957,1.1066,0.7191,0.7312,0.9539,1.0,0.0
189,2015-08-03,1.2249,0.3815,1.0475,0.7069,1.1393,0.82,1.2425,0.8529,0.709,1.0665,0.8073,1.051,1.0187,0.4703,1.5526,0.6809,1.3468,0.5283,0.8568,1.2894,0.9446,0.8567,1.2732,1.2897,0.7157,0.7486,1.69,1.4512,1.8126,1.111,0.7266,0.7575,1.0196,1.0,0.0
190,2015-08-10,1.2399,0.384,1.0849,0.7156,1.1265,0.8079,1.2403,0.8653,0.6731,1.0504,0.7903,1.0828,1.0175,0.4602,1.5721,0.7722,1.3245,0.5514,0.8698,1.2729,0.9735,0.8464,1.2898,1.2777,0.716,0.6929,1.7141,1.4326,1.8265,1.1151,0.702,0.76,1.037,1.0,0.001
191,2015-08-17,1.2204,0.4121,1.088,0.7115,1.1192,0.8205,1.2435,0.8694,0.676,1.0562,0.7919,1.0665,1.0214,0.4616,1.5578,0.7785,1.3156,0.5519,0.8656,1.2504,0.9951,0.8365,1.2828,1.278,0.7101,0.695,1.713,1.4401,1.8248,1.1097,0.6992,0.7549,1.0411,1.0,0.001
192,2015-08-24,1.2061,0.5133,1.2201,0.7975,1.1246,0.9552,1.1496,0.8797,0.5328,1.0451,0.936,1.0615,1.0838,0.4372,1.5284,0.769,1.2737,0.692,0.9413,1.1847,1.0964,0.8337,1.3228,1.1965,0.7359,0.8039,1.7168,1.3921,1.6547,1.0382,0.6902,0.6635,1.0328,1.0,0.001
193,2015-08-31,1.219,0.5247,1.2683,0.7695,1.1322,1.007,1.1323,0.9242,0.5008,1.0381,0.959,1.0603,1.0975,0.4286,1.5659,0.7331,1.2901,0.7214,0.9544,1.2665,1.1709,0.849,1.3157,1.1775,0.7362,0.8439,1.723,1.3875,1.6603,1.0399,0.6558,0.6435,1.036,1.0,0.001
194,2015-09-07,1.2049,0.5428,1.2701,0.8293,1.0984,1.0336,1.1326,0.9698,0.5844,1.1301,0.9856,1.1079,1.1246,0.5293,1.435,0.726,1.2584,0.7467,0.967,1.2731,1.0384,0.8682,1.2744,1.1529,0.715,0.6971,1.6946,1.3817,1.5158,1.021,0.7037,0.6476,1.0444,1.0,0.0
195,2015-09-14,1.2168,0.556,1.2858,0.8174,1.1083,1.0419,1.1135,0.9691,0.5882,1.1215,0.9946,1.0872,1.0949,0.559,1.4304,0.7364,1.231,0.7839,0.9575,1.3036,1.0604,0.9112,1.2835,1.1465,0.7216,0.7254,1.6152,1.3964,1.4745,1.0044,0.6918,0.6415,1.054,1.0,0.0
196,2015-09-21,1.1832,0.5484,1.3793,0.8534,1.083,0.9496,1.0007,0.9131,0.6493,1.076,1.0109,1.0721,1.034,0.6179,1.4092,0.766,1.2268,0.7433,0.8546,1.2841,0.9493,0.9561,1.1439,1.1765,0.7858,0.7468,1.5448,1.3727,1.5037,0.9777,0.7447,0.6215,1.0602,1.0,0.0
197,2015-09-28,1.1912,0.5454,1.3446,0.8906,1.0818,0.9389,0.9841,0.9408,0.6277,1.1489,1.0016,1.0822,1.0426,0.6238,1.3888,0.7366,1.293,0.7509,0.9027,1.354,0.9846,0.9775,1.1513,1.1338,0.7403,0.736,1.5497,1.3501,1.5194,0.9896,0.7163,0.6289,1.0753,1.0,0.0
198,2015-10-05,1.2226,0.5457,1.2635,0.8862,1.1206,0.9482,1.0146,0.9232,0.6062,1.1737,1.0394,1.0428,1.0739,0.646,1.4618,0.728,1.2813,0.9991,0.9478,1.3855,0.9669,0.9484,1.0123,1.1377,0.7035,0.6557,1.645,1.3627,1.3224,0.9017,0.6933,0.711,1.1254,1.0,0.0
199,2015-10-12,1.2502,0.4536,1.2267,0.8499,1.1448,0.8488,1.0807,0.9248,0.5876,1.2333,1.0623,0.9117,1.0428,0.6375,1.3767,0.6976,1.2662,0.8991,0.9259,1.4015,0.8519,0.9118,0.9058,1.087,0.76,0.5415,1.8238,1.3295,1.1912,0.9186,0.719,0.6805,1.1492,1.0,0.0
200,2015-10-19,1.2261,0.4708,1.2146,0.8547,1.12,0.869,1.0542,0.9186,0.5892,1.2517,1.0712,0.9105,1.0538,0.6382,1.3549,0.6942,1.2643,0.9346,0.9353,1.3889,0.802,0.9212,0.92,1.0874,0.7373,0.5604,1.801,1.3561,1.1655,0.9046,0.7222,0.6977,1.144,1.0,0.0
201,2015-10-26,1.2405,0.4563,1.2591,0.8786,1.156,0.8332,1.0515,0.9709,0.5764,1.2557,1.0834,0.8453,1.0524,0.6315,1.362,0.6873,1.2832,0.9389,0.9173,1.406,0.7981,0.8929,0.9447,1.1654,0.7447,0.4978,1.7278,1.3892,1.1772,0.9371,0.7529,0.6713,1.155,1.0,0.0
202,2015-11-02,1.2393,0.4636,1.2558,0.8885,1.1718,0.8439,1.0373,0.98,0.5707,1.2303,1.0882,0.8245,1.0564,0.6145,1.3428,0.6836,1.2902,0.948,0.9102,1.4047,0.7557,0.9096,0.955,1.1758,0.7459,0.4759,1.6969,1.413,1.183,0.9395,0.754,0.6876,1.1464,1.0,0.0
203,2015-11-09,1.2385,0.4581,1.2544,0.8924,1.1544,0.8471,0.988,0.9757,0.552,1.1934,1.0854,0.802,1.0392,0.5795,1.3494,0.6992,1.2902,0.9647,0.9119,1.3955,0.7549,0.9426,0.9334,1.1852,0.737,0.542,1.768,1.4203,1.1586,0.9416,0.7138,0.678,1.1448,1.0,0.001
204,2015-11-16,1.2193,0.8511,1.3152,0.9009,1.1363,0.8368,1.1271,0.9935,0.4846,1.1774,1.0466,0.7655,1.0549,0.5819,1.3788,0.6969,1.1467,0.9975,0.9283,1.3722,0.9248,0.9479,0.942,1.2029,0.7389,0.696,1.7037,1.3839,1.1866,0.9165,0.6949,0.6913,1.1383,1.0,0.001
205,2015-11-23,1.2336,0.9534,1.3443,0.9202,1.1108,0.9897,0.9375,0.9775,0.5103,1.1341,1.078,0.7855,1.1049,0.6266,1.2475,0.7008,1.168,0.9902,0.9494,1.4118,0.9277,0.9242,0.8636,1.2104,0.7715,0.8373,1.5022,1.449,1.2937,0.9014,0.6614,0.6607,1.1367,1.0,0.001
206,2015-11-30,1.2329,1.0223,1.3994,0.8768,0.9937,1.1051,0.8918,0.9344,0.4254,1.1658,1.0571,0.7958,1.1204,0.6155,1.2488,0.6717,1.1324,1.1371,0.9124,1.4086,0.8564,0.8963,0.8434,1.2343,0.7745,0.9305,1.2918,1.5693,1.0864,0.8569,0.6757,0.623,1.2362,1.0,0.001
207,2015-12-07,1.2376,1.024,1.3963,0.8829,0.9963,1.1107,0.8798,0.9351,0.3998,1.1376,1.055,0.8175,1.1208,0.6119,1.2392,0.6672,1.1293,1.1341,0.9144,1.416,0.8557,0.9092,0.8368,1.2347,0.7743,0.9245,1.2941,1.563,1.0887,0.8579,0.6804,0.617,1.2429,1.0,0.003
208,2015-12-14,1.1872,1.0482,1.3792,0.8543,0.9918,1.0446,0.8991,0.9838,0.432,1.104,1.1102,0.8782,1.1953,0.6357,1.3255,0.7179,1.1221,1.1861,0.9193,1.4637,0.8749,0.9025,0.7833,1.3057,0.8098,0.9458,1.6078,1.5333,1.0638,0.8379,0.702,0.6338,1.2521,1.0,0.003
209,2015-12-21,1.1912,1.0537,1.4013,0.8611,1.0024,1.0438,0.8766,0.9934,0.4183,1.0851,1.1023,0.8897,1.1793,0.6443,1.3134,0.722,1.1174,1.1663,0.9238,1.4511,0.8742,0.9184,0.7842,1.2981,0.8177,0.9264,1.6355,1.5154,1.0713,0.8437,0.7125,0.6282,1.2601,1.0,0.003
210,2015-12-28,1.1804,0.9676,1.3426,0.8656,0.9852,1.0423,0.9096,1.0196,0.4414,1.1686,1.1028,0.8737,1.1532,0.6394,1.2758,0.7475,1.1471,1.0711,0.9259,1.4118,0.866,0.9216,0.7831,1.2521,0.8009,0.9368,1.8091,1.4799,1.0177,0.8599,0.7423,0.6658,1.2141,1.0,0.003
211,2016-01-04,1.1863,0.9397,1.3126,0.8857,0.9965,1.0341,0.9089,1.0048,0.4546,1.2201,1.1104,0.8513,1.1618,0.6351,1.263,0.7533,1.1408,1.0323,0.9056,1.3998,0.8724,0.9234,0.7762,1.2621,0.8007,0.9119,1.829,1.4455,0.9985,0.8586,0.731,0.6897,1.2296,1.0,0.003
212,2016-01-11,1.218,0.9372,1.4184,1.0834,0.9717,1.0266,0.9329,1.0375,0.3488,1.1356,1.085,0.8059,1.1627,0.5914,1.2856,0.8064,1.2166,1.3953,1.0838,1.6397,0.9067,0.9677,0.7426,1.352,0.8831,0.9692,1.8963,1.4216,1.2152,0.9315,0.6113,0.6589,1.2372,1.0,0.002
213,2016-01-18,1.228,0.9379,1.4229,1.0864,0.923,0.9991,0.9994,1.1613,0.4428,1.2254,1.0083,0.7908,1.1277,0.6761,1.3178,0.7966,1.185,1.4385,1.0926,1.5942,0.8949,0.9847,0.8382,1.342,0.8631,0.9964,1.9355,1.5135,1.2148,0.9278,0.6461,0.564,1.271,1.0,0.002
214,2016-01-25,1.2359,1.0291,1.3938,1.0771,0.9357,0.956,1.0362,1.1183,0.4708,1.3107,1.0119,0.7714,1.1046,0.6949,1.2488,0.8,1.2458,1.4692,1.1297,1.559,0.8563,0.9894,0.8389,1.2903,0.8648,1.0433,1.9657,1.5283,1.1853,0.9411,0.6383,0.6016,1.252,1.0,0.002
215,2016-02-01,1.1914,1.0481,1.3286,0.9974,0.9452,0.9232,1.078,0.9023,0.49,1.3244,1.002,0.7006,1.0794,0.7169,1.1914,0.8202,1.244,1.4246,1.1259,1.5308,0.8664,0.9668,0.7979,1.3313,0.8322,1.0926,2.0404,1.531,1.1336,0.9933,0.6643,0.6211,1.2545,1.0,0.002
216,2016-02-08,1.2019,1.0817,1.3161,0.969,1.0014,1.0525,1.0782,0.9464,0.427,1.2167,0.9563,0.7246,1.1157,0.7674,1.2062,0.7232,1.2526,1.5934,1.0788,1.5862,0.8105,1.0105,0.924,1.3214,0.867,0.6766,2.0945,1.594,1.078,0.9301,0.6727,0.5703,1.2064,1.0,0.005
217,2016-02-15,1.2014,1.0729,1.3186,0.9693,1.0264,1.0581,1.0814,0.9664,0.4156,1.2082,0.9686,0.722,1.1353,0.7677,1.1786,0.7175,1.2488,1.6016,1.104,1.5949,0.8478,1.0049,0.9318,1.3399,0.8773,0.6839,2.1304,1.6168,1.0529,0.9214,0.643,0.5577,1.2197,1.0,0.005
218,2016-02-22,1.1935,1.0567,1.2934,0.986,1.0276,1.0843,1.0669,1.0943,0.4014,1.1914,0.9928,0.6778,1.0465,0.7512,1.2041,0.6909,1.3933,1.5883,1.1298,1.6181,0.9118,1.0013,0.9662,1.37,0.842,0.7384,1.8676,1.5672,1.0735,0.9103,0.6085,0.5229,1.1983,1.0,0.005
219,2016-02-29,1.1762,1.0905,1.2985,1.0058,1.0127,1.1633,1.1157,1.0968,0.3626,1.1534,0.9857,0.6738,1.0401,0.6853,1.2175,0.6703,1.4501,1.6253,1.1134,1.6148,0.9807,0.9947,0.9784,1.3937,0.8332,0.7772,1.934,1.5743,1.0569,0.9057,0.6187,0.5254,1.2485,1.0,0.005
220,2016-03-07,1.191,1.0884,1.3422,0.9705,1.0408,1.0788,1.1961,1.1178,0.3407,1.2256,0.9812,0.5806,1.0199,0.6992,1.1954,0.6681,1.4135,1.6044,1.1325,1.6511,0.9618,0.9754,0.9547,1.3905,0.8145,0.7953,2.1313,1.5272,1.1605,0.8866,0.6041,0.5186,1.1904,1.0,0.005
221,2016-03-14,1.1772,1.1085,1.3275,0.9819,1.044,1.0635,1.171,1.1016,0.3416,1.2189,0.9839,0.5965,1.015,0.7044,1.1941,0.6607,1.4255,1.5842,1.1208,1.6241,0.9646,0.9713,0.9435,1.3889,0.8128,0.8103,2.1476,1.5297,1.1421,0.8859,0.586,0.5161,1.2098,1.0,0.005
222,2016-03-21,1.1677,1.0737,1.342,0.9729,1.0465,1.1104,1.1883,1.0755,0.3601,1.2401,0.9872,0.5399,1.0104,0.7446,1.1883,0.6711,1.4355,1.5489,1.1317,1.6157,0.9283,0.9388,0.9622,1.3856,0.8265,0.7795,2.1981,1.5382,1.1398,0.8806,0.5677,0.5286,1.1625,1.0,0.005
223,2016-03-28,1.1716,1.0682,1.3394,0.9687,1.0268,1.0967,1.2081,1.0671,0.3496,1.2445,0.9906,0.5357,1.0244,0.7422,1.2016,0.6714,1.4251,1.5289,1.1263,1.6149,0.9161,0.9356,0.9575,1.4012,0.8177,0.781,2.2254,1.5299,1.1373,0.8711,0.5663,0.5308,1.1597,1.0,0.005
224,2016-04-04,1.1951,1.063,1.3332,0.9538,1.0285,1.0789,1.205,1.0647,0.3443,1.2216,1.0025,0.502,1.0562,0.7458,1.1606,0.6921,1.4601,1.4075,1.1665,1.6237,0.9583,0.9219,1.0276,1.4247,0.8308,0.7955,2.2178,1.4801,1.1893,0.8963,0.5869,0.4938,1.1496,1.0,0.002
225,2016-04-11,1.1945,1.0686,1.3297,0.9398,1.041,1.0807,1.208,1.0659,0.3584,1.2406,0.9965,0.5629,1.0699,0.739,1.1777,0.6968,1.453,1.3967,1.1628,1.6313,0.986,0.8971,1.0327,1.4515,0.8464,0.8447,2.1637,1.4738,1.1885,0.8937,0.5747,0.5023,1.1569,1.0,0.002
226,2016-04-18,1.2029,1.0792,1.3255,0.9437,1.0342,1.0741,1.2158,1.0521,0.3541,1.24,1.014,0.4948,1.0761,0.694,1.1426,0.6929,1.4613,1.4094,1.1519,1.6577,1.0223,0.895,1.01,1.4834,0.8417,0.8524,2.2141,1.472,1.2112,0.888,0.5341,0.5067,1.1469,1.0,0.002
227,2016-04-25,1.2086,1.0663,1.3126,0.9444,1.0313,1.0663,1.2246,1.0442,0.3412,1.237,1.0177,0.5059,1.0839,0.6939,1.14,0.688,1.4513,1.4078,1.1403,1.6511,1.0362,0.9,0.9904,1.4939,0.8363,0.8521,2.2462,1.4576,1.2068,0.884,0.5263,0.5,1.1452,1.0,0.002
228,2016-05-02,1.2113,1.0626,1.3636,1.004,1.0326,1.0637,1.2097,1.0389,0.3246,1.2278,1.006,0.5283,1.0778,0.6918,1.1291,0.6892,1.4594,1.3704,1.1435,1.6539,1.0489,0.9484,0.9797,1.5052,0.8388,0.843,2.2297,1.4706,1.1976,0.8846,0.5091,0.4874,1.1502,1.0,0.002
229,2016-05-09,1.2016,1.0551,1.3645,1.0086,1.0301,1.0618,1.2247,1.0407,0.3207,1.2292,1.0105,0.5495,1.0756,0.6832,1.131,0.6854,1.4699,1.3707,1.1414,1.6661,1.0569,0.9537,0.9759,1.5104,0.8399,0.7439,2.2417,1.4644,1.2032,0.8837,0.5092,0.486,1.1489,1.0,0.003
230,2016-05-16,1.1912,1.0717,1.3671,1.0118,1.0297,1.0587,1.22,1.0428,0.3081,1.2201,1.0099,0.5257,1.0843,0.6805,1.1272,0.6835,1.475,1.3595,1.1466,1.6758,1.0641,0.9568,0.9815,1.5196,0.8363,0.8002,2.2319,1.4667,1.2152,0.8822,0.4872,0.4863,1.1537,1.0,0.003
231,2016-05-23,1.1983,1.0708,1.3747,1.0114,1.0296,1.0584,1.2271,1.0453,0.3054,1.2154,1.0081,0.5302,1.086,0.6771,1.1318,0.6818,1.4961,1.3559,1.148,1.6723,1.0703,0.9581,0.9828,1.5231,0.8338,0.7993,2.2408,1.4651,1.2214,0.8783,0.4826,0.4828,1.1523,1.0,0.003
232,2016-05-30,1.194,1.1154,1.4025,1.028,1.0218,1.0663,1.2958,1.0671,0.3041,1.1988,1.0081,0.5451,1.0861,0.6884,1.1636,0.6785,1.5354,1.3296,1.1593,1.6493,1.0282,0.9444,0.9209,1.5296,0.8545,0.8007,2.2519,1.4588,1.2325,0.8857,0.4701,0.4798,1.1435,1.0,0.003
233,2016-06-06,1.1969,1.1206,1.4047,1.0301,1.0256,1.073,1.2908,1.0696,0.3014,1.1957,1.0117,0.5492,1.0898,0.6846,1.1629,0.6775,1.5365,1.3304,1.1542,1.6506,1.0245,0.9381,0.9277,1.5328,0.8524,0.7958,2.2542,1.4574,1.2323,0.8842,0.4703,0.4854,1.1416,1.0,0.005
234,2016-06-13,1.2002,1.1214,1.4149,1.0352,1.0226,1.0675,1.292,1.0701,0.3109,1.1994,1.0035,0.5592,1.0959,0.6993,1.1659,0.6754,1.5414,1.3354,1.174,1.6478,1.0318,0.9373,0.928,1.5424,0.8499,0.777,2.2523,1.4567,1.2334,0.8841,0.4654,0.4806,1.1381,1.0,0.005
235,2016-06-20,1.1957,1.1101,1.4239,1.0417,1.0231,1.0725,1.2931,1.0823,0.3062,1.1732,1.0016,0.5676,1.1016,0.6881,1.1526,0.6814,1.5497,1.3422,1.1817,1.6432,1.0058,0.9528,0.9162,1.5775,0.8442,0.7738,2.222,1.4729,1.2148,0.8801,0.4734,0.4758,1.1381,1.0,0.005
236,2016-06-27,1.2226,1.0871,1.3951,1.0382,1.0635,1.0989,1.3208,1.1315,0.3044,1.1616,1.0194,0.5791,1.1238,0.6795,1.115,0.6707,1.6474,1.2924,1.2127,1.7266,1.0555,0.9489,0.9282,1.5748,0.8465,0.8767,2.2851,1.2587,1.2599,0.884,0.4269,0.4512,1.1598,1.0,0.005
237,2016-07-04,1.1861,1.1406,1.3719,1.1089,1.0629,1.098,1.3472,1.0472,0.3098,1.1539,1.0536,0.6043,1.1565,0.7583,1.1534,0.7304,1.6093,1.3842,1.2071,1.721,1.0729,0.9456,0.8671,1.4366,0.828,0.8867,2.2269,1.2003,1.2709,0.8604,0.453,0.4712,1.1366,1.0,0.005
238,2016-07-11,1.1738,1.1214,1.3852,1.1401,1.057,1.0961,1.3517,1.0561,0.2689,1.149,1.0328,0.581,1.1504,0.7786,1.1306,0.7231,1.6278,1.3882,1.1992,1.7223,1.0645,0.9496,0.8389,1.4324,0.8547,0.8522,2.2236,1.1995,1.2887,0.8548,0.4506,0.4505,1.0969,1.0,0.005
239,2016-07-18,1.1711,1.1184,1.3727,1.1388,1.0556,1.1017,1.3451,1.0875,0.2683,1.1596,1.034,0.5746,1.1622,0.7761,1.1289,0.6631,1.6366,1.3547,1.2059,1.7524,1.0433,0.9644,0.8392,1.4631,0.8533,0.8884,2.2011,1.2157,1.2988,0.854,0.4508,0.4456,1.0767,1.0,0.005
240,2016-07-25,1.1788,1.1009,1.3697,1.1447,1.0512,1.0913,1.339,1.102,0.2653,1.1559,1.031,0.585,1.1588,0.7702,1.1347,0.656,1.6418,1.3529,1.2048,1.7661,1.033,0.9679,0.84,1.456,0.8527,0.8896,2.1993,1.2138,1.3053,0.8532,0.447,0.4473,1.0706,1.0,0.005
241,2016-08-01,1.1874,1.1553,1.3458,1.1694,1.0506,1.0181,1.4557,1.1545,0.2898,1.1768,0.9395,0.5494,1.1631,0.8257,1.1507,0.6497,1.7018,1.3638,1.2142,1.9497,0.9797,1.0155,0.7539,1.5786,0.8625,0.8031,2.2711,1.2153,1.3807,0.8739,0.4193,0.4566,1.0894,1.0,0.005
242,2016-08-08,1.1863,1.1596,1.3263,1.1813,1.0599,1.0197,1.4583,1.1465,0.3003,1.1758,0.9423,0.5378,1.1668,0.8367,1.1308,0.6682,1.6959,1.3521,1.2103,1.9337,0.9189,1.0057,0.745,1.5793,0.8624,0.7746,2.2693,1.2098,1.3753,0.8684,0.417,0.459,1.0906,1.0,0.005
243,2016-08-15,1.1833,1.2038,1.3556,1.1373,1.107,1.0229,1.4897,1.1503,0.1858,1.0745,0.9254,0.4936,1.158,0.7483,1.2507,0.6687,1.7257,1.364,1.214,1.9983,1.028,1.0135,0.7847,1.6385,0.9011,0.8713,2.3363,1.1963,1.4489,0.8636,0.3726,0.4388,1.0906,1.0,0.005
244,2016-08-22,1.1851,1.2124,1.3305,1.1512,1.0979,1.0157,1.5191,1.1642,0.1883,1.0855,0.9145,0.489,1.1728,0.7321,1.231,0.6633,1.7499,1.3377,1.2172,1.9648,1.0137,0.9776,0.743,1.6516,0.9011,0.8787,2.404,1.1806,1.4698,0.8732,0.3801,0.454,1.0849,1.0,0.005
245,2016-08-29,1.186,1.2114,1.3369,1.1629,1.0873,1.0116,1.5266,1.1621,0.2131,1.0886,0.9117,0.5191,1.1679,0.7223,1.1963,0.6678,1.7491,1.3329,1.2143,1.9294,0.9129,0.9869,0.7391,1.6365,0.914,0.8779,2.4026,1.1841,1.4712,0.8682,0.3936,0.4587,1.0795,1.0,0.005
246,2016-09-05,1.1639,1.252,1.3707,1.1241,1.0962,1.0469,1.5397,1.2223,0.2372,1.0191,0.9362,0.4799,1.1845,0.7412,1.2035,0.6997,1.6821,1.3194,1.2089,1.9085,0.899,0.958,0.7279,1.6745,0.9449,0.8733,2.4049,1.1736,1.4903,0.8778,0.4117,0.4564,1.0782,1.0,0.005
247,2016-09-12,1.1992,1.2192,1.4037,1.1198,1.1223,1.0749,1.5511,1.1634,0.2747,0.9767,0.9426,0.4403,1.1785,0.7732,1.2311,0.6958,1.6996,1.3056,1.2077,1.858,0.9279,0.9488,0.7746,1.6246,0.9838,0.8815,2.3319,1.1538,1.5602,0.8892,0.4801,0.4927,1.1206,1.0,0.005
248,2016-09-19,1.1861,1.2838,1.4689,1.157,1.0841,1.1341,1.5058,1.1474,0.2629,0.9256,0.9226,0.5442,1.2024,0.7494,1.1937,0.6912,1.7321,1.362,1.2296,1.8657,1.0203,0.9784,0.8317,1.6622,0.937,0.9652,2.2505,1.1711,1.671,0.8549,0.4395,0.4963,0.9962,1.0,0.005
249,2016-09-26,1.2093,1.2799,1.4541,1.152,1.1034,1.1533,1.5,1.1526,0.2772,0.9514,0.9243,0.5319,1.1945,0.7836,1.2195,0.6903,1.7088,1.3501,1.225,1.86,1.0425,0.9699,0.8245,1.6627,0.9379,1.0177,2.2084,1.1659,1.6529,0.8609,0.4366,0.4921,0.9864,1.0,0.005
250,2016-10-03,1.1965,1.2918,1.4021,1.1301,1.0627,1.1904,1.5046,1.0963,0.2844,0.944,0.906,0.5749,1.193,0.7887,1.1861,0.696,1.7144,1.3295,1.2484,1.84,1.048,0.9869,0.7841,1.5991,0.9273,1.0897,2.2927,1.1233,1.6463,0.8262,0.3993,0.5068,0.9632,1.0,0.005
251,2016-10-10,1.1904,1.2856,1.3934,1.1175,1.0844,1.188,1.4964,1.1009,0.3019,0.9895,0.9079,0.5448,1.1818,0.8295,1.1783,0.7,1.7201,1.3246,1.2428,1.8419,1.0383,0.9868,0.7903,1.5879,0.9307,1.0867,2.3042,1.1213,1.6476,0.8372,0.4091,0.5277,0.9555,1.0,0.004
252,2016-10-17,1.2165,1.2805,1.3638,1.1345,1.0779,1.1814,1.5426,1.0859,0.3092,1.0232,0.9073,0.5775,1.1895,0.8472,1.1619,0.6735,1.7551,1.3112,1.251,1.8693,1.0262,0.9512,0.8128,1.5781,0.9279,1.0278,2.236,1.1001,1.6691,0.8333,0.4344,0.5227,0.9547,1.0,0.004
253,2016-10-24,1.2363,0.9061,1.3202,1.1577,1.1054,1.2425,1.4195,1.1044,0.3705,1.0228,0.9423,0.6382,1.1993,0.8744,1.1358,0.6671,1.9233,1.3603,1.2712,1.962,0.8736,0.9671,0.8172,1.6161,0.9585,0.8651,2.3508,1.1516,1.6829,0.8536,0.4421,0.4936,0.9568,1.0,0.004
254,2016-10-31,1.2036,0.9407,1.2824,1.1348,1.0713,1.266,1.6116,1.1375,0.3433,1.1396,0.9278,0.6053,1.1567,0.8702,1.1675,0.6769,1.9483,1.394,1.2921,1.9005,1.052,1.0176,0.8406,1.6448,0.8741,0.7988,2.5259,1.11,1.6482,0.8734,0.4235,0.4538,0.9534,1.0,0.004
255,2016-11-07,1.1402,0.9498,1.306,1.1172,1.0286,1.2544,1.479,1.1248,0.3258,1.052,0.9051,0.6964,1.212,0.8067,1.2212,0.6777,1.9298,1.3979,1.2752,1.8024,1.0511,1.0306,0.8293,1.628,0.9165,0.8095,2.4239,1.1388,1.5822,0.847,0.4472,0.4461,0.8481,1.0,0.004
256,2016-11-14,1.143,1.0198,1.2022,1.0886,0.9742,1.0887,1.0793,1.1824,0.2173,0.79,0.9539,0.8007,1.335,0.6085,1.1006,0.713,1.7954,1.2271,1.2188,1.6109,0.9625,1.1603,0.8426,1.724,0.9619,0.7626,2.3158,1.0187,1.6372,0.8855,0.3097,0.403,0.7628,1.0,0.004
257,2016-11-21,1.1826,1.0575,1.2037,1.1504,0.972,1.1687,1.0651,1.1797,0.1364,0.7612,0.8756,0.7525,1.2918,0.5726,0.9729,0.6678,1.8816,1.2287,1.2335,1.6329,1.0062,1.2132,0.9467,1.7087,0.9608,0.6869,2.0607,1.031,1.7376,0.9083,0.2484,0.376,0.701,1.0,0.004
258,2016-11-28,1.1662,1.0894,1.183,1.1233,0.9648,1.1552,1.0652,1.2357,0.1726,0.7683,0.8551,0.7647,1.2865,0.6014,0.9687,0.6614,1.8786,1.2493,1.2185,1.6217,1.013,1.2142,0.9666,1.7146,0.9572,0.694,1.9895,1.0232,1.7436,0.8864,0.2697,0.4091,0.7022,1.0,0.004
259,2016-12-05,1.1387,1.1431,1.2077,1.1261,0.9901,1.1842,1.0244,1.2516,0.1712,0.739,0.8779,0.7493,1.2825,0.6018,1.0266,0.6596,1.8861,1.3457,1.2304,1.6442,1.0008,1.1871,0.9704,1.7466,0.9422,0.72,1.7863,1.0497,1.8243,0.8801,0.2555,0.3886,0.7387,1.0,0.006
260,2016-12-12,1.1671,1.1439,1.1948,1.1372,1.028,1.203,1.0676,1.3092,0.1848,0.8099,0.8414,0.7641,1.2785,0.5967,0.9905,0.6642,1.8032,1.3561,1.1727,1.785,1.0582,1.1926,1.0336,1.732,0.9871,0.7865,1.6707,1.1002,1.8881,0.8889,0.3049,0.4378,0.772,1.0,0.006
261,2016-12-19,1.1443,1.3712,1.1465,1.0075,1.0326,1.2553,1.0636,1.3977,0.2687,0.8179,0.8169,0.8593,1.3038,0.6794,0.8014,0.5137,1.7927,1.2274,0.9233,1.5983,1.119,1.3187,1.1688,1.6728,1.0083,0.7516,1.577,1.1578,1.7472,0.797,0.4071,0.4226,0.678,1.0,0.006
262,2016-12-26,1.1148,1.4334,1.2179,1.0692,1.1235,1.3669,0.906,1.4377,0.2792,0.6949,0.8558,0.9008,1.3233,0.6283,0.6273,0.5338,1.769,1.143,0.9054,1.4918,1.0126,1.3349,1.1346,1.7117,1.0443,0.6517,1.2814,1.1605,1.7485,0.807,0.384,0.5066,0.7031,1.0,0.006
263,2017-01-02,1.1103,1.4405,1.1798,1.0642,1.0955,1.3835,0.8465,1.4592,0.3005,0.6453,0.8592,0.7895,1.3378,0.6117,0.5992,0.5432,1.7538,1.1192,0.8691,1.5253,1.0887,1.3301,1.1589,1.7806,1.0328,0.571,1.2802,1.1426,1.7223,0.8081,0.3603,0.4869,0.7157,1.0,0.006
264,2017-01-09,1.1898,1.3717,1.2546,1.2136,1.0395,1.4536,0.7323,1.7972,0.2512,0.6157,0.85,0.9029,1.3607,0.5586,0.6919,0.4925,1.6952,1.2146,0.8582,1.5587,1.0559,1.4056,1.234,1.7018,1.0734,0.4996,1.2456,1.163,1.7895,0.6949,0.3034,0.4098,0.6938,1.0,0.009000000000000001
265,2017-01-16,1.165,1.3296,1.2782,1.3313,0.9301,1.1886,0.6946,1.781,0.4253,0.841,0.9775,0.9117,1.3245,0.4309,0.5549,0.727,1.6725,0.7523,0.9585,1.4104,1.199,1.376,0.9711,1.7784,1.0379,1.5771,0.9635,1.001,1.9925,0.8495,0.267,0.5484,0.8076,1.0,0.009000000000000001
266,2017-01-23,1.1974,1.3275,1.2948,1.3419,0.8922,1.146,0.6204,1.7874,0.3936,0.7849,0.9641,0.9663,1.329,0.3924,0.7799,0.7419,1.6235,0.7764,0.9634,1.4758,1.2121,1.4339,1.015,1.7908,1.0851,1.5417,0.7886,1.0134,2.0028,0.8604,0.2527,0.5331,0.7393,1.0,0.009000000000000001
267,2017-01-30,1.2054,1.3281,1.3367,1.3344,0.8327,1.1027,0.6255,1.5614,0.3984,0.7688,0.8969,1.0581,1.486,0.4073,0.6972,0.8007,1.3997,0.7169,0.8742,1.3845,1.1291,1.4246,0.982,1.7735,1.1375,1.438,1.3044,1.0235,2.0442,0.8497,0.2578,0.5746,0.7088,1.0,0.009000000000000001
268,2017-02-06,1.2271,1.2956,1.3419,1.3135,0.8247,1.0324,0.5597,1.5274,0.3798,0.722,0.9061,0.9344,1.5352,0.3983,0.6564,0.8086,1.3977,0.6998,0.8741,1.3686,1.0395,1.3997,0.943,1.7877,1.1421,1.3558,1.2368,1.0462,2.043,0.8573,0.2454,0.5748,0.6128,1.0,0.009000000000000001
269,2017-02-13,1.1962,1.3409,1.2759,1.4259,0.8404,1.1339,0.3708,1.5757,0.3587,0.5324,0.9413,1.1168,1.5821,0.288,0.6358,0.8165,1.4401,0.6704,0.7767,1.2634,1.0204,1.4889,1.0432,1.8152,1.2096,1.3532,0.9266,1.1031,1.958,0.8973,0.2081,0.5562,0.6864,1.0,0.009000000000000001
270,2017-02-20,1.2156,1.2584,1.3083,1.4414,0.846,1.1512,0.4165,1.6267,0.3419,0.4894,0.9278,1.0723,1.4741,0.2351,0.5751,0.8274,1.3954,0.6951,0.7762,1.2845,1.0034,1.5266,1.0033,1.8314,1.2154,1.3116,0.8022,1.0889,1.9077,0.9024,0.225,0.5357,0.7261,1.0,0.009000000000000001
271,2017-02-27,1.2019,1.2678,1.2838,1.4559,0.8397,1.0571,0.3808,1.6856,0.3246,0.4309,0.9237,1.2143,1.4731,0.2213,0.5888,0.8077,1.4006,0.7498,0.7547,1.2635,1.0861,1.6002,0.975,1.8691,1.2315,1.3402,0.6497,1.0829,1.9669,0.9007,0.237,0.5457,0.7928,1.0,0.009000000000000001
272,2017-03-06,1.1817,1.3089,1.293,1.4593,0.9166,1.0484,0.3212,1.7141,0.3311,0.4119,0.9129,1.276,1.4672,0.2128,0.5673,0.795,1.3803,0.8124,0.7454,1.2697,1.0361,1.6272,0.9605,1.8683,1.2046,1.3244,0.5948,1.0849,1.9342,0.901,0.2233,0.5517,0.779,1.0,0.008
273,2017-03-13,1.1804,1.3634,1.2667,1.4231,0.9077,1.0256,0.3486,1.664,0.3149,0.4586,0.9056,1.3976,1.461,0.1904,0.5646,0.7664,1.2977,0.8002,0.7311,1.2689,1.0289,1.661,0.8197,1.9196,1.1812,1.2688,0.699,1.0635,1.8907,0.8872,0.1646,0.5575,0.7382,1.0,0.008
274,2017-03-20,1.1771,1.3587,1.2766,1.4793,0.8749,1.0262,0.3356,1.6632,0.2522,0.3656,0.9263,1.1908,1.4416,0.2067,0.473,0.7454,1.2565,0.804,0.7477,1.2473,0.9182,1.7473,0.7827,1.8542,1.1332,1.1097,0.8704,1.0676,1.9199,0.9034,0.1932,0.5466,0.7064,1.0,0.008
275,2017-03-27,1.1319,1.317,1.2489,1.4423,0.9545,1.0017,0.2481,1.6632,0.2169,0.3651,0.8607,1.3231,1.4182,0.2578,0.5818,0.8104,1.2501,0.7462,0.7483,1.2094,0.8519,1.7459,0.7501,1.8434,1.1305,1.0447,0.8226,1.1161,1.8896,0.8898,0.3092,0.5785,0.7184,1.0,0.008
276,2017-04-03,1.1128,1.3099,1.2693,1.4216,0.9529,1.0085,0.2282,1.6844,0.2073,0.3596,0.8529,1.301,1.4201,0.2496,0.5278,0.8123,1.2436,0.7759,0.7545,1.2191,0.9063,1.7294,0.7654,1.8371,1.1383,1.0562,0.8269,1.142,1.8784,0.8825,0.293,0.5744,0.7091,1.0,0.008
277,2017-04-10,1.1002,1.3593,1.0567,1.219,0.9835,1.0237,0.2753,1.7007,0.2819,0.3837,0.9092,1.2272,1.4645,0.2482,0.5627,0.8192,1.2064,0.9166,0.7519,1.2543,0.8712,1.5621,0.8164,1.8313,1.1368,1.1162,0.8079,1.1072,1.9619,0.9013,0.3757,0.6548,0.6968,1.0,0.013999999999999999
278,2017-04-17,1.1304,1.3323,1.0832,1.2444,1.0441,1.0454,0.2781,1.8142,0.2856,0.3445,0.9074,1.1693,1.4984,0.3608,0.5325,0.8649,1.2562,0.9625,0.7903,1.2462,0.8764,1.5536,0.862,1.8363,1.1475,1.092,0.8125,1.1316,1.937,0.9255,0.4036,0.6577,0.7525,1.0,0.013999999999999999
279,2017-04-24,1.166,1.3322,1.0554,1.2502,1.0796,1.0676,0.2626,1.8753,0.2762,0.3498,0.9143,1.2681,1.5038,0.3457,0.5557,0.8541,1.264,1.0198,0.787,1.2441,0.8616,1.4575,0.8825,1.8381,1.1375,0.8828,0.8227,1.1447,1.982,0.9286,0.4255,0.652,0.7507,1.0,0.013999999999999999
280,2017-05-01,1.1772,1.2436,1.0247,1.2125,1.0723,1.0512,0.2732,1.7591,0.2412,0.3188,0.8994,1.2797,1.5075,0.3093,0.545,0.8497,1.2411,1.0255,0.7924,1.2789,0.8532,1.4207,0.9201,1.7413,1.1581,0.8818,0.7805,1.2173,1.934,0.9279,0.4066,0.6128,0.7409,1.0,0.013999999999999999
281,2017-05-08,1.1927,1.1245,0.9588,1.1605,1.0611,1.0209,-5.98e-05,1.7451,0.2,0.2765,0.87,1.2621,1.5266,0.2163,0.3636,0.8932,1.1279,1.0463,0.7303,1.3424,0.9314,1.4524,1.0542,1.7269,1.1031,0.9037,0.6676,1.2029,1.9912,0.8992,0.3732,0.5833,0.7193,1.0,0.016
282,2017-05-15,1.2055,1.1148,0.9197,1.1782,1.0699,1.0111,0.0217,1.8032,0.2215,0.2879,0.8847,1.3326,1.5471,0.2231,0.4114,0.9129,1.1067,1.0362,0.7371,1.3546,0.9536,1.4575,1.0828,1.7489,1.1607,0.9919,0.6783,1.1996,1.9835,0.9174,0.3929,0.594,0.7793,1.0,0.016
283,2017-05-22,1.2079,1.0899,0.9476,1.1891,1.0725,1.0124,0.033,1.8153,0.2306,0.3055,0.8848,1.369,1.5259,0.2349,0.4473,0.9234,1.0957,1.0391,0.7464,1.3675,0.9065,1.4451,1.0785,1.7267,1.1367,1.0194,0.6607,1.2023,1.8853,0.9285,0.4053,0.6226,0.7945,1.0,0.016
284,2017-05-29,1.2867,0.9298,0.8469,1.1827,1.085,1.018,0.0363,1.7958,0.2607,0.4506,0.8939,1.3644,1.5353,0.2787,0.4699,0.9184,1.0469,1.0439,0.7178,1.3571,1.1572,1.3665,1.1361,1.5438,1.1984,1.0661,0.597,1.1672,1.9152,0.9698,0.4442,0.6373,0.811,1.0,0.016
285,2017-06-05,1.2684,1.0117,0.8021,1.3018,0.9987,0.9437,-0.0977,1.6469,0.3095,0.5475,0.9727,1.3386,1.457,0.3105,0.5317,0.9385,1.0493,1.0492,0.7116,1.2189,1.159,1.457,1.0693,1.4776,1.2544,0.9114,0.5545,1.1337,1.7482,1.0327,0.5587,0.7441,0.7861,1.0,0.015
286,2017-06-12,1.4358,0.9006,0.8767,1.2722,1.0482,0.9896,-0.3402,1.7944,0.1987,0.4611,0.8649,1.3158,1.4695,0.0404,0.4051,0.8436,1.1709,1.0697,0.8262,1.3321,1.2214,1.4591,1.3574,1.5817,1.4166,0.6656,0.4218,1.1755,1.7349,1.0072,0.4977,0.6168,0.819,1.0,0.015
287,2017-06-19,1.4293,0.8921,0.9101,1.1953,1.0394,0.9932,-0.3849,1.7662,0.2164,0.4611,0.8797,1.2832,1.4966,0.001,0.3673,0.8525,1.1558,1.0476,0.8462,1.3348,1.3021,1.4264,1.3916,1.5642,1.3752,0.6662,0.4241,1.1929,1.6629,1.0029,0.4803,0.6532,0.8004,1.0,0.015
288,2017-06-26,1.4176,0.9069,0.8985,1.2157,1.0683,1.0028,-0.421,1.6905,0.2467,0.4167,0.8773,1.2901,1.4822,-0.002,0.3307,0.8868,1.087,1.1096,0.8122,1.3042,1.3274,1.4002,1.4014,1.5019,1.3984,0.6013,0.3847,1.1866,1.6047,0.9818,0.5053,0.6265,0.8297,1.0,0.015
289,2017-07-03,1.4344,0.9234,0.9375,1.212,1.0713,1.0548,-0.4149,1.662,0.2838,0.4729,0.8782,1.2881,1.4915,0.0372,0.3646,0.8937,1.1973,1.1621,0.8475,1.2717,1.2776,1.4202,1.4225,1.46,1.3632,0.5538,0.3215,1.2597,1.5393,1.0226,0.5564,0.6291,0.8106,1.0,0.015
290,2017-07-10,1.4518,0.9747,0.9663,1.2343,1.0739,1.055,-0.3961,1.6681,0.2856,0.4736,0.8728,1.3031,1.4907,0.0517,0.3055,0.8883,1.1848,1.1717,0.8565,1.2669,1.2986,1.4296,1.4327,1.4644,1.3766,0.5635,0.3528,1.2774,1.5428,1.0188,0.5522,0.6407,0.8253,1.0,0.018000000000000002
291,2017-07-17,1.4572,0.952,0.9688,1.2002,1.0608,1.0493,-0.3893,1.68,0.2767,0.4949,0.8248,1.2964,1.4316,0.064,0.3325,0.8354,1.2267,1.1603,0.8395,1.2665,1.139,1.401,1.366,1.4012,1.314,0.4425,0.4563,1.2956,1.4981,0.9909,0.5141,0.6019,0.8126,1.0,0.018000000000000002
292,2017-07-24,1.452,0.9625,0.9672,1.2139,1.0583,1.0563,-0.3967,1.6158,0.29,0.5087,0.8158,1.297,1.425,0.0693,0.3514,0.8292,1.2251,1.1659,0.8411,1.2428,1.1231,1.3836,1.3577,1.4249,1.3053,0.4504,0.4784,1.2969,1.5084,0.9856,0.5061,0.604,0.7867,1.0,0.018000000000000002
293,2017-07-31,1.4625,0.9263,0.9799,1.2228,1.0656,1.0674,-0.4023,1.5741,0.2946,0.532,0.8123,1.3051,1.4234,0.052,0.4125,0.8285,1.2835,1.1655,0.8492,1.2645,1.0718,1.3717,1.373,1.4496,1.3022,0.4502,0.4936,1.313,1.5075,1.0147,0.5505,0.5569,0.7926,1.0,0.018000000000000002
294,2017-08-07,1.4748,0.9456,0.9511,1.1997,1.1133,1.1065,-0.4321,1.5888,0.2624,0.5227,0.8227,1.239,1.4536,0.0914,0.4972,0.8152,1.3226,1.2107,0.8687,1.3786,1.3779,1.3693,1.4032,1.4868,1.2886,0.4577,0.5193,1.3246,1.5203,1.0368,0.5562,0.5624,0.829,1.0,0.021
295,2017-08-14,1.4918,0.9951,0.9401,1.2331,1.1406,1.125,-0.3118,1.7273,0.2677,0.4832,0.8254,1.3273,1.5201,0.1096,0.5793,0.8324,1.2968,1.2525,0.8554,1.3858,1.3906,1.4123,1.4101,1.4865,1.2718,-0.0707,0.6772,1.3438,1.5312,1.0475,0.6047,0.5854,1.1058,1.0,0.021
296,2017-08-21,1.413,1.2307,0.8468,1.2718,1.0893,1.0568,-0.5041,1.9375,0.1356,0.6264,0.8667,1.5912,1.6672,-0.0358,0.4822,0.9187,1.2264,1.36,0.8696,1.4105,1.3373,1.6315,1.3726,1.7103,1.2239,-0.0743,0.7807,1.4589,1.3509,1.0782,0.4868,0.5788,1.1417,1.0,0.021
297,2017-08-28,1.4186,1.2564,0.7925,1.2568,1.0888,1.0612,-0.4987,1.9114,0.1216,0.632,0.8702,1.5545,1.6507,-0.0298,0.478,0.8993,1.1729,1.3222,0.8552,1.3991,1.3337,1.6494,1.3445,1.7033,1.1831,-0.0791,0.8159,1.4422,1.3304,1.0596,0.4849,0.574,1.1528,1.0,0.021
298,2017-09-04,1.3591,1.2549,0.8373,1.2765,1.0161,0.9349,-0.5209,1.8787,-0.0017,0.4568,0.8709,1.5752,1.5768,-0.1939,0.4948,0.7898,1.2374,1.2943,0.8081,1.4327,1.0495,1.6471,1.3079,1.6102,1.2161,-0.1704,0.8969,1.4103,1.4811,1.0263,0.3938,0.4729,1.1886,1.0,0.024
299,2017-09-11,1.3578,1.3111,0.9093,1.262,0.9988,0.9523,-0.4998,1.949,0.0083,0.4504,0.9149,1.5258,1.6029,-0.2151,0.5437,0.8063,1.2819,1.3288,0.8325,1.4635,1.0396,1.6311,1.4081,1.6552,1.2321,-0.1408,0.9486,1.4329,1.4798,1.0211,0.44,0.5619,1.1457,1.0,0.024
300,2017-09-18,1.3432,1.4253,0.8849,1.2269,0.8997,0.8849,-0.4202,1.8793,-0.0973,0.2888,0.9048,1.4228,1.5784,-0.4244,0.6542,0.7697,1.3272,1.3345,0.8539,1.4521,1.1282,1.5552,1.3232,1.6868,1.2329,-0.0038,1.0407,1.3647,1.3798,1.0091,0.3872,0.5609,1.1573,1.0,0.024
301,2017-09-25,1.2784,1.4977,1.0123,1.151,0.9773,0.9198,-0.4347,1.9613,-0.0516,0.3245,0.9264,1.4091,1.6277,-0.3648,0.6801,0.8346,1.2308,1.3578,0.8247,1.3517,1.2271,1.5971,1.303,1.6944,1.2908,-0.0062,1.088,1.4259,1.3465,1.0432,0.4336,0.6307,1.1814,1.0,0.024
302,2017-10-02,1.2474,1.5173,1.0088,1.1475,0.9544,0.9081,-0.4555,1.9663,-0.07,0.3073,0.897,1.3988,1.6224,-0.3866,0.6721,0.8333,1.2666,1.3496,0.8211,1.3116,1.2502,1.5892,1.2895,1.6969,1.2907,0.0037,1.0961,1.4305,1.347,1.0282,0.4315,0.6343,1.1848,1.0,0.024
303,2017-10-09,1.1797,1.4552,0.9591,1.1335,0.982,0.8864,-0.3892,2.0384,-0.0465,0.2751,0.8804,1.2832,1.6905,-0.3983,1.1063,0.8374,1.2566,1.2885,0.828,1.3427,1.2439,1.391,1.3667,1.7314,1.2343,0.0381,0.9141,1.4477,1.3361,1.0215,0.4754,0.5613,1.1222,1.0,0.021
304,2017-10-16,1.4267,1.606,0.8698,1.2216,1.17,0.9281,-0.055,2.19,0.0084,0.572,0.994,1.0504,1.6007,-0.2456,1.015,0.8934,1.2981,1.3157,0.8932,1.6552,1.3478,1.4291,1.4741,1.8612,1.155,-0.0075,1.1827,1.426,1.5669,1.1695,0.446,0.6922,1.5701,1.0,0.021
305,2017-10-23,1.4154,1.3783,1.0603,1.3415,1.2937,1.5209,0.8153,2.2609,0.2582,1.2384,0.7275,0.62,1.1695,0.0511,1.242,0.7472,1.536,1.7882,0.8649,2.2694,1.6676,1.0021,1.4993,1.5066,0.9769,-0.15,1.028,1.8566,1.2765,1.0404,0.8385,0.7905,2.0394,1.0,0.021
306,2017-10-30,1.4552,1.2449,1.0378,1.3633,1.2926,1.5172,0.7672,2.2442,0.2407,1.2309,0.7291,0.7182,1.1581,0.0856,1.2084,0.7095,1.4766,1.7304,0.8437,2.2205,1.502,1.0279,1.4622,1.4779,0.9656,-0.1032,0.9576,1.8456,1.2766,1.0411,0.8177,0.7662,2.0447,1.0,0.021
307,2017-11-06,1.508,1.0701,1.0143,1.4497,1.2618,1.5654,0.7517,2.0765,0.1479,1.1865,0.7325,0.7058,1.1506,0.0021,1.1824,0.7006,1.429,1.7026,0.83,2.3175,1.4179,1.0137,1.444,1.4043,0.9431,-0.2085,0.9077,1.8876,1.1452,1.0407,0.7444,0.6378,2.0464,1.0,0.021
308,2017-11-13,1.559,1.1829,1.0014,1.4377,1.2466,1.47,0.8597,1.9545,0.159,1.145,0.6346,0.7586,1.2015,0.0745,1.0823,0.6534,1.4717,1.5942,0.8132,2.2557,1.4448,1.159,1.4288,1.6321,0.9807,-0.5755,1.2276,1.9464,1.2506,1.1223,0.7651,0.6181,1.9187,1.0,0.021
309,2017-11-20,1.4547,0.8196,0.9725,1.4708,1.0489,1.4672,0.4738,1.8194,-0.0329,0.7007,0.6584,0.7079,1.1684,-0.0478,1.0564,0.5206,1.621,1.6494,0.821,1.7003,1.1453,1.0749,1.2056,1.4813,0.7346,-1.4052,1.4381,1.9629,0.8548,1.057,0.5375,0.2538,1.9704,1.0,0.021
310,2017-11-27,1.4195,0.829,1.0123,1.4182,1.0527,1.4312,0.4777,1.7684,-0.0312,0.695,0.6914,0.7009,1.1389,0.0397,1.1083,0.4954,1.6235,1.6899,0.8085,1.6471,1.1232,1.047,1.1508,1.4452,0.7372,-1.4947,1.3847,1.9713,0.784,1.0387,0.5123,0.3117,1.9606,1.0,0.021
311,2017-12-04,1.2627,1.2297,0.8244,1.2896,0.9303,1.1961,0.6024,1.8725,-0.0184,0.6382,0.7358,0.5823,1.1287,-0.0487,1.0529,0.5803,1.0709,1.478,0.6813,1.6146,1.2415,1.1626,1.0449,1.584,0.9641,-1.3827,1.3943,1.723,0.7443,1.1252,0.6458,0.4737,1.7542,1.0,0.022000000000000002
312,2017-12-11,1.2883,1.3686,0.8592,1.3854,1.0042,1.1742,0.7537,1.9404,0.0061,0.6879,0.7688,0.9488,1.1816,0.0712,1.124,0.6036,1.0504,1.5161,0.6678,1.6977,1.1076,1.2479,1.0499,1.6012,1.0003,-1.4461,1.4635,1.7525,0.8638,1.2137,0.7716,0.5421,1.7852,1.0,0.022000000000000002
313,2017-12-18,1.0593,1.3449,0.8356,1.1611,1.0764,1.0061,0.7814,1.881,-0.1773,0.5873,0.7499,0.7686,1.076,0.0005,0.938,0.6221,1.1523,1.3013,0.5909,1.602,1.1795,1.1087,0.8843,1.5687,0.9741,-1.5112,1.141,1.6444,0.7838,1.2436,0.7168,0.7293,1.8237,1.0,0.022000000000000002
314,2017-12-25,1.0929,1.4291,0.8564,1.1729,1.0953,1.0178,0.7613,1.9038,-0.1984,0.5931,0.7517,0.7797,1.088,-0.0286,0.9422,0.6231,1.2446,1.3551,0.6023,1.6689,1.2208,1.1286,0.8895,1.5848,0.9842,-1.528,1.0727,1.6645,0.8507,1.2511,0.7156,0.7484,1.834,1.0,0.022000000000000002
315,2018-01-01,1.0907,1.4212,0.9786,1.1794,1.1017,1.0732,0.8323,1.8482,-0.1777,0.5401,0.7703,0.8007,1.0967,-0.0091,0.9533,0.6503,1.3146,1.3539,0.6494,1.6614,1.175,1.1919,0.9058,1.5927,1.0365,-1.4606,1.0925,1.7064,0.8979,1.2748,0.8005,0.792,1.7911,1.0,0.022000000000000002
316,2018-01-08,1.1176,2.1138,0.9525,1.1284,1.0642,1.1505,0.7006,1.9015,-0.3972,0.441,0.7302,1.0269,1.065,-0.2199,0.8936,0.26,1.4172,1.3503,0.6803,1.8543,0.9496,1.3281,0.5881,1.3904,0.9118,-1.2005,1.1587,1.7018,1.3965,1.1788,0.5076,0.4767,1.67,1.0,0.027999999999999997
317,2018-01-15,1.1114,2.1383,0.9382,1.0456,1.0091,1.2162,0.6657,1.9485,-0.5251,0.4432,0.4366,1.1119,1.0112,-0.4002,0.8325,0.2193,1.2237,1.4142,0.6831,1.7924,1.0747,1.7307,0.6744,1.4133,0.9326,-1.1619,1.1643,1.6187,1.3464,1.117,0.4204,0.3031,1.4593,1.0,0.027999999999999997
318,2018-01-22,1.0853,2.1146,0.8931,1.037,0.963,1.1752,0.6601,1.8522,-0.5641,0.4647,0.4162,1.0473,0.9856,-0.4599,0.912,0.1925,1.2936,1.349,0.6521,1.7574,1.1143,1.6709,0.6041,1.3656,0.8826,-1.092,1.1372,1.5908,1.2518,1.0829,0.4086,0.3038,1.3229,1.0,0.027999999999999997
319,2018-01-29,0.9733,2.2518,0.4586,1.0856,0.7492,1.078,0.7982,1.5585,-0.4811,0.3852,0.4906,1.0617,1.2496,-0.2792,1.0086,-0.1226,1.0683,1.5115,0.4731,1.5682,0.9769,1.5808,0.75,1.0985,0.8418,-0.9531,1.1978,1.5218,1.2536,1.0695,0.2769,0.285,1.0228,1.0,0.027999999999999997
320,2018-02-05,1.1624,2.1739,0.9318,1.0554,0.8858,1.1,0.9845,1.4587,0.0378,0.7213,0.6094,1.3613,1.0962,0.152,0.9698,0.2316,1.7848,1.0046,0.5545,1.1917,1.5062,1.9248,0.7965,1.071,0.9694,-0.1049,1.6009,1.5764,1.3335,1.2405,0.4226,0.186,1.1026,1.0,0.027999999999999997
321,2018-02-12,1.2426,1.6829,0.83,1.2735,0.7852,1.0838,0.6664,1.2353,0.0197,1.0165,0.7877,1.2503,1.0484,0.3424,0.8355,0.7078,1.5752,1.192,0.9224,1.255,1.1401,1.328,0.8715,1.3867,1.0732,0.6488,1.9911,1.5507,1.3356,1.4327,0.8334,0.5238,1.0674,1.0,0.027999999999999997
322,2018-02-19,1.2843,1.3685,1.0585,1.2352,0.8353,1.1277,0.6923,1.0954,0.0351,0.9095,0.8384,1.087,0.8029,0.2765,0.8542,0.7378,1.8345,1.2482,0.9701,1.1702,1.0267,1.2588,0.8502,1.4583,1.0785,0.7437,1.5611,1.487,1.0935,1.3701,0.786,0.5487,0.9712,1.0,0.027999999999999997
323,2018-02-26,1.2765,1.3877,1.0597,1.2284,0.8323,1.135,0.6887,1.0903,0.0349,0.91,0.8349,1.0832,0.803,0.2734,0.8543,0.7335,1.8401,1.2513,0.9693,1.1707,1.0223,1.2579,0.8444,1.4514,1.0741,0.7429,1.5391,1.4908,1.0823,1.3684,0.7803,0.5447,0.966,1.0,0.027999999999999997
324,2018-03-05,1.3857,1.3645,1.0741,1.2331,0.8455,1.1607,0.7624,1.1841,0.2037,0.8128,0.87,1.3603,0.9277,0.3521,0.7677,0.7854,1.7807,1.2527,1.0123,1.2346,1.013,1.2378,1.0073,1.4237,1.0765,0.8606,1.4709,1.5193,1.1404,1.4341,0.84,0.5548,0.9864,1.0,0.028999999999999998
325,2018-03-12,1.3705,1.2984,0.9895,1.272,0.7947,1.1448,0.7363,1.121,0.1669,0.7105,0.8804,1.4912,0.8127,0.4137,0.948,0.8238,1.7439,1.2093,0.9671,1.1873,0.8594,1.1935,0.9869,1.3632,0.9289,0.7044,1.412,1.5384,1.1259,1.3997,0.8884,0.5355,0.9095,1.0,0.028999999999999998
326,2018-03-19,1.3939,1.2921,1.0076,1.2755,0.798,1.1244,0.7207,1.1817,0.1442,0.7107,0.9089,1.3777,0.8613,0.4066,0.9757,0.8065,1.7878,1.2267,0.9681,1.1966,0.9367,1.2007,0.9986,1.3592,0.9623,0.7066,1.4433,1.5601,1.0896,1.4166,0.944,0.5322,0.9431,1.0,0.028999999999999998
327,2018-03-26,1.3231,1.1934,1.1076,1.2409,1.0005,1.1042,0.7049,1.1191,0.2337,0.643,0.9126,1.2799,0.6932,0.5355,1.0133,0.8784,1.6616,1.1868,1.0685,1.3323,0.9493,1.4937,0.9347,1.34,0.8703,0.6263,1.0151,1.661,1.0788,1.5056,0.9525,0.7023,1.1613,1.0,0.028999999999999998
328,2018-04-02,1.2917,1.2249,1.0896,1.1996,0.9949,1.0633,0.7115,1.0388,0.2708,0.686,0.8869,1.3146,0.6945,0.5753,0.984,0.8839,1.5962,1.1029,1.0348,1.3289,0.9593,1.5217,0.9148,1.3356,0.8836,0.6215,0.9821,1.6186,1.0751,1.4806,0.9821,0.7139,1.1184,1.0,0.028999999999999998
329,2018-04-09,1.3161,1.2957,1.0795,1.2441,1.0261,1.0512,0.6691,1.0932,0.2697,0.6859,0.8896,1.3106,0.6795,0.5713,0.9996,0.8591,1.6442,1.1205,1.0582,1.3062,0.9415,1.5059,0.8929,1.3705,0.8765,0.582,0.9852,1.5819,1.0962,1.494,0.9459,0.7148,1.1197,1.0,0.036000000000000004
330,2018-04-16,1.3264,1.1997,1.0701,1.21,1.0059,1.0307,0.6804,1.0537,0.2138,0.6438,0.884,1.2937,0.6433,0.537,1.0352,0.8147,1.6597,1.0923,1.0591,1.2596,0.9118,1.4276,0.8252,1.3375,0.8665,0.5476,1.0359,1.5512,1.0781,1.4591,0.9172,0.6772,1.0756,1.0,0.036000000000000004
331,2018-04-23,1.324,1.1997,1.0766,1.2059,1.0075,1.0327,0.6774,1.0429,0.2169,0.6488,0.881,1.2717,0.6417,0.5251,1.0136,0.8122,1.655,1.1113,1.0611,1.2569,0.9086,1.4381,0.8238,1.3274,0.8519,0.5281,1.0466,1.5617,1.0754,1.4566,0.8972,0.6781,1.0591,1.0,0.036000000000000004
332,2018-04-30,1.333,1.2078,1.0802,1.2034,1.013,1.0381,0.6767,1.0412,0.2203,0.6412,0.8865,1.257,0.6471,0.5237,1.0025,0.8178,1.6729,1.1109,1.069,1.2617,0.9053,1.4406,0.835,1.3497,0.8731,0.5184,1.0575,1.5757,1.1113,1.4779,0.9088,0.6891,1.0636,1.0,0.036000000000000004
333,2018-05-07,1.2971,1.3024,1.0506,1.1948,1.0103,1.0162,0.6732,1.0264,0.2128,0.6072,0.8936,1.2653,0.6372,0.5156,1.0134,0.8151,1.6449,1.0984,1.0553,1.2388,0.8156,1.5128,0.8216,1.3704,0.8556,0.5589,1.0997,1.5529,1.1086,1.4598,0.8718,0.7006,1.0541,1.0,0.035
334,2018-05-14,1.2811,1.2777,1.0304,1.1786,0.9824,1.0335,0.6425,1.0691,0.1328,0.5768,0.8489,1.2497,0.6007,0.4729,1.0275,0.7988,1.6242,1.0569,1.043,1.2274,0.7928,1.5006,0.7733,1.3767,0.8095,0.597,1.1907,1.5533,1.0456,1.4286,0.8056,0.6637,0.9166,1.0,0.035
335,2018-05-21,1.3146,1.2665,1.0273,1.1872,0.9948,1.0362,0.637,1.0735,0.1408,0.5928,0.8629,1.2457,0.5868,0.5092,1.0383,0.8168,1.6632,1.0636,1.0504,1.215,0.789,1.5195,0.7633,1.37,0.8062,0.6082,1.1803,1.5639,1.0158,1.4487,0.8098,0.6729,0.9107,1.0,0.035
336,2018-05-28,1.3146,1.2715,1.0229,1.1895,0.9964,1.0361,0.6385,1.081,0.1449,0.5968,0.8634,1.2477,0.5855,0.512,1.0412,0.8203,1.661,1.0648,1.0499,1.214,0.7774,1.52,0.767,1.3708,0.7983,0.6053,1.1758,1.5636,1.0191,1.4529,0.8138,0.6751,0.9118,1.0,0.035
337,2018-06-04,1.3115,1.2727,1.0218,1.187,0.9961,1.0379,0.6335,1.0777,0.141,0.599,0.8619,1.2488,0.5842,0.5157,1.0373,0.8154,1.6634,1.0645,1.0494,1.2134,0.7758,1.5206,0.764,1.3679,0.7941,0.5802,1.1755,1.5676,1.023,1.4515,0.8132,0.6733,0.9002,1.0,0.034
338,2018-06-11,1.3329,1.2677,1.0036,1.1763,1.0011,0.999,0.647,1.1122,0.1043,0.5664,0.8586,1.3206,0.6061,0.5142,1.0281,0.8113,1.5935,1.0433,1.0501,1.2189,0.8231,1.5179,0.7217,1.3914,0.8171,0.6369,1.1983,1.5197,1.0671,1.4573,0.8282,0.7003,0.903,1.0,0.034
339,2018-06-18,1.3354,1.2471,1.0087,1.1794,1.0031,1.0022,0.6451,1.1075,0.105,0.5614,0.8622,1.319,0.6099,0.5175,1.0226,0.8148,1.6083,1.0446,1.0513,1.2207,0.8216,1.5157,0.7142,1.3933,0.8125,0.6323,1.1983,1.5193,1.0744,1.4618,0.83,0.7034,0.8979,1.0,0.034
340,2018-06-25,1.3516,1.246,1.0074,1.1909,1.0134,1.0214,0.6373,1.0703,0.0771,0.5618,0.8923,1.2937,0.6031,0.4886,1.0312,0.8291,1.5899,1.0439,1.0606,1.2564,0.8445,1.5076,0.7329,1.4142,0.8137,0.6997,1.1069,1.4951,1.0022,1.4831,0.8272,0.7364,0.8817,1.0,0.034
341,2018-07-02,1.3534,1.2555,1.0015,1.1907,0.9845,1.019,0.6522,1.0948,0.0426,0.5186,0.9146,1.3055,0.6212,0.4849,1.1116,0.8337,1.6059,1.0508,1.0742,1.2962,0.8708,1.5813,0.8186,1.421,0.8282,0.7043,1.088,1.5128,1.0813,1.4664,0.8213,0.7161,0.898,1.0,0.034
342,2018-07-09,1.338,1.249,0.9942,1.1821,0.9695,1.0065,0.6553,1.1065,0.0496,0.4756,0.9,1.3322,0.6355,0.48,1.0948,0.8299,1.58,1.0309,1.0666,1.2956,0.8574,1.5962,0.8105,1.4049,0.8141,0.691,1.082,1.503,1.1024,1.4434,0.8195,0.7294,0.9201,1.0,0.04
343,2018-07-16,1.3302,1.2365,0.9865,1.1684,0.9634,1.01,0.6519,1.0954,0.0312,0.4689,0.8761,1.3254,0.6211,0.4726,1.0894,0.8192,1.5538,1.0454,1.0501,1.2671,0.8531,1.5869,0.8027,1.394,0.8168,0.6615,1.062,1.5069,1.0852,1.4357,0.8061,0.6921,0.9062,1.0,0.04
344,2018-07-23,1.3456,1.2238,1.0153,1.1759,0.9691,1.0179,0.6378,1.0548,0.0468,0.4963,0.8913,1.3244,0.6066,0.4913,1.0721,0.8379,1.5917,1.0403,1.0789,1.2857,0.8678,1.6011,0.8221,1.4048,0.8332,0.8693,1.0207,1.5223,1.0885,1.4602,0.8129,0.7069,0.826,1.0,0.04
345,2018-07-30,1.3761,1.1425,1.0206,1.1866,0.9629,1.0198,0.6421,1.0539,0.0616,0.5004,0.9022,1.3215,0.6047,0.4914,1.0597,0.8395,1.6215,1.0321,1.098,1.2935,0.8605,1.5939,0.8298,1.3965,0.836,0.8301,1.0012,1.5329,1.0831,1.4667,0.8148,0.7031,0.8171,1.0,0.04
346,2018-08-06,1.3641,1.1396,1.0348,1.178,0.951,1.0069,0.6452,1.0481,0.0539,0.4936,0.8953,1.329,0.5983,0.4933,1.0385,0.8463,1.6247,1.0308,1.088,1.2966,0.8504,1.5876,0.8259,1.3975,0.8402,0.8124,0.9803,1.5227,1.0757,1.4629,0.8167,0.7041,0.8056,1.0,0.040999999999999995
347,2018-08-13,1.3532,1.1337,1.0282,1.1709,0.9552,1.0052,0.6449,1.043,0.059,0.5176,0.88,1.3175,0.6077,0.5089,1.0226,0.8656,1.6111,1.0148,1.0875,1.2966,0.9313,1.5851,0.8108,1.4175,0.8291,0.7767,0.9727,1.5164,1.053,1.4702,0.8285,0.7135,0.848,1.0,0.040999999999999995
348,2018-08-20,1.3603,1.1256,1.0201,1.1839,0.9764,0.9981,0.6502,1.0281,0.0669,0.5262,0.8718,1.3424,0.6057,0.5312,1.0001,0.8721,1.5914,1.0026,1.0887,1.2922,0.9399,1.614,0.7905,1.4123,0.8293,0.765,0.9524,1.5077,1.0614,1.4854,0.8274,0.6942,0.8733,1.0,0.040999999999999995
349,2018-08-27,1.3587,1.0966,1.0144,1.1985,0.9705,1.028,0.6255,1.0221,0.0596,0.5165,0.8557,1.3924,0.6082,0.5431,0.9906,0.859,1.5395,0.9957,1.069,1.2507,0.9154,1.6259,0.7873,1.4004,0.815,0.7264,0.9189,1.5247,1.0754,1.4612,0.8109,0.6546,0.8549,1.0,0.040999999999999995
350,2018-09-03,1.3607,1.0791,1.0181,1.1957,0.9723,1.0142,0.615,1.0183,0.0483,0.4907,0.8491,1.3872,0.6064,0.5365,0.992,0.8559,1.5397,0.9996,1.0666,1.2452,0.8826,1.6221,0.7839,1.3931,0.808,0.7082,0.922,1.5152,1.0929,1.466,0.8057,0.6474,0.866,1.0,0.040999999999999995
351,2018-09-10,1.3633,1.0624,1.0429,1.2003,0.98,1.0305,0.6424,1.0178,0.0341,0.5212,0.8488,1.3857,0.5951,0.5451,1.0036,0.8542,1.5686,1.0354,1.055,1.2857,0.8884,1.6019,0.775,1.3888,0.7811,0.7119,0.9642,1.5407,1.077,1.4544,0.7688,0.6373,0.8791,1.0,0.038
352,2018-09-17,1.3491,1.0776,1.0377,1.194,0.9761,1.044,0.6365,1.0092,0.0181,0.523,0.84,1.3679,0.5756,0.5358,0.9843,0.8384,1.5479,1.0172,1.0434,1.283,0.8652,1.5942,0.7747,1.3642,0.785,0.7141,0.9605,1.5258,1.0737,1.4181,0.7791,0.6623,0.8805,1.0,0.038
353,2018-09-24,1.3545,1.0674,1.022,1.1906,0.9771,1.0189,0.6358,1.0165,0.0146,0.5288,0.8428,1.3693,0.5862,0.5371,0.9669,0.8397,1.5525,0.999,1.0348,1.2892,0.8639,1.6083,0.791,1.3607,0.7787,0.7061,0.9643,1.5187,1.0579,1.4279,0.7857,0.6567,0.8833,1.0,0.038
354,2018-10-01,1.3526,1.0715,1.01,1.1508,0.9895,0.9612,0.6418,1.0272,0.0179,0.5347,0.8543,1.3998,0.5855,0.5466,0.9656,0.8522,1.5419,0.994,1.0437,1.3258,0.8689,1.6012,0.8255,1.3628,0.7814,0.7232,0.9815,1.5079,1.0796,1.4318,0.8017,0.6594,0.865,1.0,0.038
355,2018-10-08,1.3486,1.0874,1.0161,1.1672,0.9843,0.982,0.6321,1.0377,0.0022,0.5056,0.8625,1.3937,0.5777,0.5571,1.0385,0.844,1.5545,1.0425,1.068,1.3628,0.9363,1.5855,0.86,1.348,0.8361,0.7442,0.9778,1.5243,1.1122,1.415,0.7781,0.6493,0.8805,1.0,0.047
356,2018-10-15,1.3798,1.0551,0.9818,1.1694,1.0925,1.0636,0.7213,1.1543,0.0872,0.5095,0.941,1.3765,0.7201,0.6267,1.094,0.9482,1.6427,1.1236,1.1405,1.4087,0.8905,1.5485,0.8961,1.3788,0.7137,0.8358,1.1186,1.5048,1.1312,1.4708,0.8105,0.743,0.8263,1.0,0.047
357,2018-10-22,1.3811,1.0559,0.988,1.1716,1.0962,1.0669,0.724,1.1572,0.0889,0.51,0.9426,1.3751,0.7277,0.632,1.1005,0.9516,1.6463,1.1294,1.1478,1.4095,0.8941,1.5419,0.8988,1.3726,0.7212,0.8709,1.131,1.5085,1.128,1.4706,0.8155,0.7495,0.833,1.0,0.047
358,2018-10-29,1.3524,1.0315,0.9703,1.1317,1.0705,1.0132,0.8307,1.2546,0.1666,0.5754,1.0273,1.4312,0.9708,0.6419,1.1194,1.0088,1.6364,1.2259,1.0297,1.3381,0.925,1.5666,0.959,1.425,0.8055,0.9183,1.2097,1.4604,1.0167,1.5301,0.7424,0.9638,0.8843,1.0,0.047
359,2018-11-05,1.355,0.9827,0.8678,1.131,1.0404,0.9333,0.825,1.243,0.1305,0.5383,1.0056,1.288,1.0031,0.6262,1.2326,0.9375,1.6732,1.1691,1.0477,1.364,0.927,1.554,0.9727,1.3946,0.8202,0.9269,1.1683,1.3844,0.9778,1.5212,0.7216,0.9735,0.8767,1.0,0.044000000000000004
360,2018-11-12,1.3497,0.9145,0.8414,1.1369,1.0624,0.9432,0.7741,1.1935,0.1566,0.5807,1.0036,1.286,0.979,0.6587,1.19,0.9273,1.6869,1.1777,1.0354,1.2681,0.8038,1.5607,0.9727,1.3565,0.7721,0.6937,1.1467,1.3802,0.8893,1.498,0.6613,0.9196,0.8958,1.0,0.044000000000000004
361,2018-11-19,1.3674,0.8809,0.882,1.1445,1.0539,0.9666,0.8026,1.2219,0.1403,0.5862,1.0046,1.3128,0.9834,0.6566,1.195,0.9563,1.6385,1.2324,1.0496,1.2701,0.8104,1.5433,0.943,1.3608,0.7914,0.7102,1.2248,1.3688,0.9303,1.4521,0.7398,0.9207,0.8562,1.0,0.044000000000000004
362,2018-11-26,1.2075,0.8779,1.0283,1.1838,1.0815,1.0174,0.8213,1.1602,0.2004,0.632,0.9519,1.2701,0.9006,0.6032,1.1812,0.9291,1.5381,1.2724,1.0687,1.2264,0.8619,1.5069,0.8742,1.3195,0.8331,0.7017,1.3103,1.3442,0.8713,1.4682,0.7884,0.9032,0.8107,1.0,0.044000000000000004
363,2018-12-03,1.1925,0.7664,0.9855,1.2071,1.0537,1.1014,0.7741,1.0948,0.1865,0.6056,0.9143,1.1824,0.8084,0.5731,1.0675,0.8651,1.5248,1.3548,1.0222,1.0756,0.8261,1.4288,0.7817,1.2707,0.8322,0.5827,1.1871,1.3335,0.8945,1.443,0.7471,0.9274,0.8074,1.0,0.044000000000000004
364,2018-12-10,1.1637,0.8386,1.0183,1.2321,1.0614,1.1303,0.7913,1.1956,0.1491,0.5824,0.9555,1.1463,0.977,0.5481,1.0506,0.9049,1.5807,1.3356,1.042,1.1181,0.887,1.3517,0.8367,1.319,0.8357,0.6721,1.0808,1.3336,0.9299,1.4205,0.7149,0.9239,0.808,1.0,0.048
365,2018-12-17,1.1407,0.7535,1.0048,1.2169,1.0515,1.1122,0.7987,1.1757,0.1806,0.582,0.9311,1.1194,0.9623,0.5798,1.0622,0.9605,1.5394,1.324,1.0335,1.0562,0.9266,1.3614,0.8455,1.3351,0.8771,0.6768,1.0636,1.2973,0.8458,1.4194,0.7398,0.9465,0.7589,1.0,0.048
366,2018-12-24,1.1781,0.8381,1.0727,1.1792,1.1846,1.163,0.9011,1.3047,0.2848,0.7508,0.9144,1.2187,0.793,0.6845,1.1139,0.8049,1.4768,1.4475,1.0402,1.0482,1.0221,1.3537,1.0658,1.3047,0.898,0.6446,1.244,1.2459,0.8027,1.3505,0.8003,0.979,0.7291,1.0,0.048
367,2018-12-31,1.1687,0.822,1.0649,1.1817,1.1568,1.1808,0.8595,1.2886,0.2344,0.6805,0.9064,1.1766,0.7922,0.6323,1.092,0.7937,1.4705,1.4661,1.0357,1.0094,1.0177,1.3118,1.051,1.295,0.8964,0.6384,1.2402,1.2518,0.835,1.329,0.7588,0.9405,0.7631,1.0,0.048
368,2019-01-07,1.1387,0.7843,1.0521,1.0944,1.1503,1.1603,0.8167,1.3298,0.1942,0.6891,0.8605,1.191,0.7689,0.5844,1.0421,0.8122,1.4926,1.4403,1.0055,1.0048,1.0158,1.2763,1.0258,1.3244,0.8744,0.6307,1.2719,1.2392,0.8166,1.2961,0.7782,0.9601,0.7752,1.0,0.051
369,2019-01-14,1.1708,0.6953,1.023,1.0965,1.1683,1.1878,0.8028,1.3517,0.161,0.672,0.8659,1.1691,0.8043,0.5986,1.0872,0.8141,1.4281,1.5251,1.0574,1.1274,1.0038,1.2543,1.0718,1.34,0.86,0.6429,1.2721,1.192,0.7953,1.2752,0.7563,1.0115,0.7933,1.0,0.051
370,2019-01-21,1.1634,0.6984,1.0803,1.0582,1.2463,1.2285,0.8851,1.4295,0.2083,0.5758,0.8801,1.2219,0.8582,0.6136,1.1632,0.772,1.4788,1.5379,1.0176,1.1637,1.1124,1.3701,1.1314,1.3138,0.8308,0.6111,1.1529,1.1911,0.6957,1.242,0.6719,1.0136,0.7874,1.0,0.051
371,2019-01-28,1.1124,0.7694,0.9771,1.039,1.2237,1.1935,0.87,1.4674,0.1876,0.573,0.8393,1.2723,0.9089,0.6291,1.1581,0.7351,1.3344,1.5085,0.9716,1.1508,1.1101,1.3735,1.1269,1.2564,0.7855,0.5208,1.2286,1.1713,0.7261,1.2255,0.663,1.0144,0.777,1.0,0.051
372,2019-02-04,1.1163,0.7566,0.9881,1.0316,1.2157,1.1709,0.8699,1.4623,0.1829,0.5833,0.8276,1.1936,0.9011,0.6278,1.1393,0.7397,1.3116,1.464,0.9643,1.1708,1.0852,1.3558,1.1348,1.2489,0.7741,0.5086,1.2235,1.1573,0.7067,1.2158,0.7146,0.9883,0.7764,1.0,0.046
373,2019-02-11,1.106,0.7708,1.0161,1.0499,1.2181,1.1958,0.8833,1.4668,0.1594,0.6201,0.8389,1.1317,0.8817,0.633,1.1893,0.7386,1.3611,1.4938,0.9787,1.1627,1.1126,1.387,1.1251,1.2614,0.791,0.4989,1.2506,1.1511,0.6931,1.2242,0.7135,1.0067,0.7927,1.0,0.046
374,2019-02-18,1.0738,0.782,0.9952,0.9916,1.2142,1.1447,0.8547,1.4902,0.1359,0.6029,0.7989,1.064,0.8753,0.5836,1.1173,0.6866,1.2751,1.4527,0.9654,1.1798,1.1214,1.4032,1.0904,1.2627,0.8353,0.4663,1.3232,1.0783,0.6618,1.2111,0.6432,1.0117,0.7929,1.0,0.046
375,2019-02-25,1.0735,0.7644,1.0026,0.9972,1.2252,1.161,0.8697,1.4862,0.1576,0.6104,0.797,1.1064,0.8706,0.5969,1.1141,0.702,1.2761,1.4644,0.9755,1.1794,1.1071,1.4132,1.1036,1.2677,0.8342,0.4753,1.3335,1.0773,0.6672,1.2165,0.6477,1.0267,0.7834,1.0,0.046
376,2019-03-04,1.1283,0.7661,0.9963,1.0242,1.2231,1.2522,0.9553,1.6112,0.1462,0.685,0.8424,1.1812,1.0338,0.5717,1.1939,0.701,1.351,1.6084,0.97,1.1554,1.2222,1.3095,1.2233,1.3287,0.9242,0.5966,1.6259,1.004,0.658,1.1931,0.6537,1.0614,0.6923,1.0,0.048
377,2019-03-11,1.154,0.7695,0.9853,1.0429,1.1958,1.2779,0.932,1.6384,0.1021,0.6352,0.8426,1.0896,1.0234,0.5217,1.1834,0.6835,1.3422,1.6549,0.9792,1.1363,1.1712,1.3834,1.2427,1.3161,0.8498,0.6363,1.7387,0.9874,0.6688,1.1959,0.5525,1.0529,0.7008,1.0,0.048
378,2019-03-18,1.1354,0.7291,1.0494,1.0319,1.1736,1.2627,0.9608,1.6302,0.1182,0.6461,0.8468,1.092,1.0491,0.5389,1.1779,0.6956,1.3647,1.6585,0.9587,1.1065,1.1894,1.4243,1.2442,1.3265,0.8373,0.7252,1.8194,0.9882,0.6908,1.1906,0.5882,1.0611,0.6837,1.0,0.048
379,2019-03-25,1.116,0.7576,1.0216,1.0454,1.1751,1.2544,0.9583,1.6584,0.1404,0.6738,0.8396,1.0912,1.0636,0.5582,1.1721,0.6998,1.3212,1.653,0.9449,1.1205,1.1902,1.4711,1.274,1.3422,0.8224,0.7348,1.7727,0.9763,0.674,1.1954,0.5946,1.0742,0.688,1.0,0.048
380,2019-04-01,1.1136,0.7684,1.0192,1.044,1.1907,1.2554,0.9549,1.6743,0.1306,0.6605,0.8338,1.0804,1.0555,0.5598,1.1667,0.6897,1.3272,1.6339,0.9379,1.1219,1.188,1.4529,1.2085,1.3405,0.8183,0.7524,1.7711,0.9479,0.7262,1.1919,0.6266,1.0704,0.6833,1.0,0.048
381,2019-04-08,1.099,0.7809,1.0246,1.0099,1.1756,1.2313,0.9342,1.6559,0.1099,0.6507,0.8002,1.0801,1.0764,0.5528,1.1705,0.6934,1.3696,1.6295,0.9834,1.1729,1.2109,1.4323,1.2245,1.3601,0.8112,0.7871,1.7589,0.9476,0.7359,1.1912,0.5733,1.0724,0.6846,1.0,0.052000000000000005
382,2019-04-15,1.0992,0.7813,1.0468,1.004,1.1764,1.2378,0.9274,1.6534,0.1084,0.6463,0.7969,1.0617,1.0701,0.5525,1.1782,0.6876,1.3815,1.6302,0.9859,1.1921,1.207,1.3938,1.2248,1.3574,0.8063,0.7701,1.7755,0.9511,0.7458,1.1949,0.578,1.0668,0.6856,1.0,0.052000000000000005
383,2019-04-22,1.0905,0.7759,1.037,0.9884,1.1743,1.206,0.9392,1.6367,0.1447,0.6565,0.8015,1.0519,1.0837,0.5716,1.1434,0.6776,1.3566,1.6468,0.9741,1.1732,1.2057,1.375,1.2339,1.3408,0.817,0.7492,1.7276,0.9208,0.7723,1.1872,0.6068,1.0781,0.7581,1.0,0.052000000000000005
384,2019-04-29,1.0687,0.7493,1.03,1.0105,1.1697,1.2133,0.9229,1.6223,0.1466,0.6319,0.8031,1.0739,1.0942,0.5582,1.1556,0.6726,1.3309,1.6541,0.9475,1.1547,1.1983,1.3755,1.2418,1.3773,0.8121,0.7213,1.7205,0.9189,0.7813,1.1134,0.5922,1.0518,0.7677,1.0,0.052000000000000005
385,2019-05-06,1.0698,0.7451,1.0293,1.0095,1.1687,1.2116,0.9234,1.6206,0.1435,0.6288,0.803,1.0748,1.0959,0.556,1.1543,0.6719,1.3283,1.6524,0.9476,1.1527,1.2066,1.3766,1.2419,1.3779,0.812,0.7178,1.7212,0.9169,0.7796,1.1119,0.5918,1.0504,0.7696,1.0,0.051
386,2019-05-13,1.0847,0.7667,1.0822,1.0259,1.163,1.2128,0.9386,1.6331,0.1488,0.655,0.7772,1.0924,0.9853,0.5524,1.178,0.6879,1.3684,1.6586,0.9858,1.1618,1.2358,1.3639,1.2329,1.3932,0.7956,0.7473,1.6773,0.915,0.7594,1.1409,0.6143,1.0349,0.7736,1.0,0.051
387,2019-05-20,1.0998,0.755,1.0945,1.0261,1.1473,1.2173,0.9397,1.6029,0.1602,0.6597,0.7677,1.0315,0.9604,0.5423,1.1565,0.6896,1.3666,1.6555,0.9826,1.1645,1.2207,1.3877,1.2622,1.3804,0.7768,0.7138,1.6746,0.9174,0.7389,1.1331,0.5891,0.9975,0.7901,1.0,0.051
388,2019-05-27,1.1023,0.7552,1.1185,1.0182,1.1432,1.2234,0.9514,1.598,0.1611,0.6569,0.7693,1.0411,0.9536,0.534,1.1503,0.685,1.399,1.6621,0.9917,1.1995,1.2388,1.3707,1.2768,1.3731,0.7795,0.7206,1.728,0.9281,0.7372,1.1364,0.5877,0.987,0.7975,1.0,0.051
389,2019-06-03,1.0871,0.7743,1.1159,1.0121,1.1216,1.2069,0.9629,1.6123,0.2156,0.6955,0.7587,1.1367,0.9718,0.5676,1.1588,0.682,1.3772,1.6597,0.9997,1.2113,1.2804,1.4345,1.2404,1.3992,0.8137,0.8979,1.7917,0.9444,0.7417,1.1324,0.6536,1.0145,0.7878,1.0,0.051
390,2019-06-10,1.0634,0.7096,1.1794,1.0228,1.1005,1.1676,0.9513,1.5859,0.2638,0.7516,0.7854,1.1239,0.9527,0.5612,1.1202,0.7229,1.3901,1.5732,1.0336,1.3436,1.2203,1.363,1.1438,1.3751,0.8558,0.9547,1.7436,0.8097,0.6736,1.1356,0.6873,1.0525,0.7738,1.0,0.045
391,2019-06-17,1.0626,0.7001,1.1754,1.0185,1.1017,1.1588,0.9449,1.5667,0.2524,0.7732,0.7896,1.0845,0.9407,0.5599,1.1067,0.7195,1.3927,1.5804,1.0305,1.3334,1.229,1.3493,1.1454,1.3732,0.858,0.9436,1.739,0.7995,0.6533,1.1343,0.6695,1.044,0.7563,1.0,0.045
392,2019-06-24,1.0767,0.69,1.1772,1.024,1.0796,1.1928,0.9304,1.5312,0.2646,0.7393,0.7811,1.1625,0.9408,0.5478,1.0783,0.6988,1.4107,1.5498,1.0253,1.3555,1.2287,1.3357,1.0249,1.3571,0.8473,0.9673,1.7966,0.7941,0.6607,1.1435,0.6261,1.051,0.7751,1.0,0.045
393,2019-07-01,1.074,0.6896,1.1773,1.026,1.0797,1.1948,0.9303,1.5243,0.2697,0.7392,0.7821,1.1228,0.9409,0.5506,1.0753,0.6981,1.4035,1.5505,1.0238,1.3495,1.223,1.3256,1.0242,1.3584,0.8488,0.9658,1.7926,0.7991,0.6586,1.1427,0.627,1.0457,0.7764,1.0,0.045
394,2019-07-08,1.0666,0.7105,1.1857,1.0185,1.095,1.2037,0.9374,1.5528,0.2737,0.7381,0.7806,1.1072,0.9434,0.5548,1.0756,0.7046,1.374,1.5518,1.0174,1.3262,1.2344,1.3324,1.0212,1.3642,0.8478,0.9667,1.7668,0.8113,0.6684,1.1247,0.6391,1.0495,0.754,1.0,0.048
395,2019-07-15,1.0513,0.697,1.1617,1.0121,1.1016,1.2075,0.9235,1.5528,0.2687,0.7297,0.7774,1.0927,0.952,0.545,1.0917,0.6925,1.3832,1.5575,1.0174,1.315,1.2376,1.3222,1.0123,1.3525,0.8533,0.986,1.7798,0.8151,0.6681,1.1248,0.6332,1.0335,0.7459,1.0,0.048
396,2019-07-22,1.0691,0.7016,1.1572,0.9837,1.1039,1.2072,0.9384,1.5349,0.2721,0.7244,0.7924,1.0933,0.9474,0.5629,1.0811,0.7033,1.3597,1.5661,1.0252,1.302,1.2362,1.3384,1.0199,1.3471,0.8464,0.9951,1.8088,0.819,0.6877,1.1166,0.6177,1.0345,0.7197,1.0,0.048
397,2019-07-29,1.0694,0.6624,1.1517,0.9713,1.096,1.2081,0.9331,1.5435,0.2655,0.7006,0.7702,1.0746,0.9495,0.5536,1.0808,0.7016,1.3977,1.5457,1.0064,1.3103,1.248,1.3157,1.036,1.3743,0.8314,0.9863,1.7884,0.8743,0.7189,1.1091,0.5985,1.0429,0.7042,1.0,0.048
398,2019-08-05,1.0514,0.6817,1.1322,0.9654,1.084,1.2204,0.9061,1.5003,0.278,0.688,0.7775,1.0291,0.9756,0.5281,0.9801,0.6618,1.4347,1.5613,1.0499,1.2624,1.3362,1.2411,1.0219,1.4255,0.8381,1.0191,1.7199,0.8926,0.7593,1.0877,0.6292,1.0113,0.7599,1.0,0.040999999999999995
399,2019-08-12,1.0419,0.6814,1.1166,0.9621,1.08,1.2181,0.9123,1.4963,0.2795,0.7138,0.7777,1.0196,0.9701,0.5255,0.9702,0.6582,1.4337,1.5444,1.0495,1.2627,1.3478,1.2443,1.0143,1.4292,0.8352,1.0315,1.7199,0.8928,0.7522,1.0815,0.634,1.0169,0.7512,1.0,0.040999999999999995
400,2019-08-19,1.0279,0.7097,1.0943,0.9666,1.0766,1.2239,0.9092,1.5326,0.2921,0.7129,0.7841,1.0205,0.987,0.5259,0.9811,0.661,1.409,1.536,1.0539,1.2532,1.3519,1.2575,1.0267,1.4361,0.8492,1.0654,1.7221,0.8792,0.7516,1.089,0.6466,1.0144,0.7382,1.0,0.040999999999999995
401,2019-08-26,1.0216,0.7077,1.0883,0.9657,1.0646,1.2025,0.8947,1.5343,0.2965,0.7075,0.8175,1.0079,0.9992,0.5161,0.9653,0.6598,1.4269,1.532,1.0433,1.2425,1.3321,1.2535,1.0177,1.4394,0.854,1.0613,1.7284,0.8791,0.7611,1.0977,0.6269,0.9906,0.7433,1.0,0.040999999999999995
402,2019-09-02,1.013,0.7115,1.1032,0.9791,1.062,1.1984,0.9029,1.4411,0.3156,0.7175,0.8357,0.9882,0.9597,0.5132,0.9757,0.6448,1.4537,1.5225,1.0504,1.2439,1.258,1.22,1.0146,1.4464,0.9056,1.0402,1.704,0.8931,0.7834,1.1015,0.5543,0.9788,0.7304,1.0,0.040999999999999995
403,2019-09-09,1.0343,0.7524,1.1188,0.9887,1.0591,1.1988,0.9139,1.4482,0.3034,0.7138,0.8443,0.9991,0.9826,0.5181,0.9856,0.6572,1.4621,1.5428,1.0563,1.2628,1.2777,1.2448,1.0281,1.4422,0.918,1.0778,1.7361,0.9029,0.7903,1.1035,0.5537,0.9886,0.7014,1.0,0.044000000000000004
404,2019-09-16,1.052,0.7734,1.1301,0.9761,1.0541,1.187,0.9504,1.4747,0.3177,0.7437,0.8446,1.011,1.003,0.509,0.9461,0.6658,1.4578,1.5292,1.066,1.25,1.2576,1.2722,1.0491,1.4713,0.8811,1.1264,1.7721,0.9052,0.7768,1.1299,0.5599,1.0102,0.6961,1.0,0.044000000000000004
405,2019-09-23,1.0265,0.8221,1.192,0.9871,1.0073,1.175,0.9508,1.4659,0.2915,0.7848,0.809,1.022,0.9471,0.4726,0.9225,0.595,1.386,1.5504,1.0373,1.2333,1.3445,1.2955,1.0717,1.4817,0.9961,1.1405,1.7492,0.8985,0.7587,1.1002,0.5562,0.9882,0.7153,1.0,0.044000000000000004
406,2019-09-30,1.029,0.7996,1.182,0.9906,1.0061,1.1686,0.9438,1.4666,0.2869,0.7757,0.8062,1.0118,0.9475,0.4663,0.9184,0.5942,1.395,1.5575,1.0208,1.2283,1.3223,1.2915,1.1065,1.4802,0.9928,1.1185,1.7663,0.8946,0.7416,1.0984,0.558,0.9906,0.6993,1.0,0.044000000000000004
407,2019-10-07,1.0495,0.8592,1.2312,1.0367,1.0448,1.2505,0.9082,1.4483,0.2584,0.7798,0.747,0.9707,0.773,0.4559,0.908,0.5412,1.3754,1.5435,1.128,1.3033,1.3609,1.2826,1.1124,1.4795,0.9633,1.1639,1.7853,0.9165,0.8233,1.06,0.6295,0.8472,0.6392,1.0,0.038
408,2019-10-14,1.0282,0.8725,1.3012,1.014,1.0478,1.3009,0.8966,1.4428,0.2737,0.7947,0.7419,1.0652,0.7435,0.449,0.7983,0.5821,1.3357,1.5618,1.1004,1.2703,1.3512,1.2858,1.0881,1.4967,0.9432,1.1381,1.8073,0.9495,0.8564,1.0447,0.6335,0.8265,0.643,1.0,0.038
409,2019-10-21,1.0268,0.8595,1.3336,1.0077,1.028,1.2966,0.8997,1.445,0.2334,0.7548,0.7168,1.0732,0.7458,0.4225,0.825,0.5568,1.3828,1.5648,1.1138,1.3344,1.4199,1.2602,1.084,1.4921,0.9367,1.3127,1.7987,0.9623,0.9266,1.0284,0.6473,0.8429,0.6366,1.0,0.038
410,2019-10-28,1.0175,0.9137,1.326,1.0053,1.0317,1.3018,0.9014,1.369,0.2591,0.7754,0.7209,1.0525,0.728,0.4256,0.8095,0.5241,1.4461,1.5303,1.1124,1.3384,1.4365,1.2676,1.141,1.5064,0.9159,1.321,1.7827,0.976,0.8904,1.0842,0.6048,0.822,0.6471,1.0,0.038
411,2019-11-04,1.1888,0.9667,1.2179,0.9793,1.0275,1.301,0.9465,1.4582,0.2432,0.792,0.7692,1.0964,0.8035,0.4932,0.7973,0.5163,1.5112,1.5394,1.1238,1.4156,1.4256,1.2827,1.2464,1.5833,0.8852,1.4042,1.7485,0.9806,0.9471,1.0783,0.5402,0.8449,0.6708,1.0,0.031
412,2019-11-11,1.176,1.0537,1.2751,0.9011,1.0311,1.2149,0.9852,1.529,0.2298,0.8077,0.7784,1.1688,0.9059,0.4857,0.841,0.543,1.5284,1.4332,1.1624,1.6055,1.5127,1.3434,1.3645,1.6428,0.8788,1.617,1.9187,0.9446,0.919,1.0461,0.5506,0.8054,0.6859,1.0,0.031
413,2019-11-18,1.2662,1.0394,1.2797,0.8735,1.0604,1.239,1.0326,1.4813,0.3484,0.9381,0.7286,1.2563,0.6435,0.5582,0.8772,0.4629,1.4641,1.5247,1.1775,1.6085,1.5384,1.5012,1.4061,1.6454,0.9138,1.643,2.2122,0.9261,0.893,1.0737,0.6188,0.808,0.6483,1.0,0.031
414,2019-11-25,1.2568,1.0352,1.2719,0.8935,1.0522,1.2105,1.042,1.4542,0.3444,0.9559,0.7582,1.2344,0.6342,0.5615,0.8547,0.4111,1.4803,1.5124,1.18,1.6047,1.4876,1.4472,1.4214,1.6085,0.8446,1.6064,2.1829,0.9434,0.8731,1.0801,0.5864,0.8265,0.6557,1.0,0.031
415,2019-12-02,1.2634,1.0317,1.2274,0.9805,0.7203,1.1479,0.9756,1.2669,0.2586,0.7505,0.9001,1.0245,0.9238,0.4149,0.6696,0.6078,1.6599,1.3096,1.2691,1.8958,1.4479,1.3559,1.1027,1.8271,0.7948,2.1518,2.2052,0.9717,0.9874,1.2112,0.4073,0.7583,0.6676,1.0,0.031
416,2019-12-09,1.2453,1.0319,1.2361,0.9261,0.733,1.088,1.0204,1.3055,0.3366,0.8292,0.8851,1.0672,0.9235,0.4941,0.6835,0.5983,1.6403,1.2476,1.2601,2.0069,1.4343,1.4259,1.121,1.8613,0.7809,2.2024,2.2415,0.907,0.9388,1.2015,0.4355,0.7937,0.6331,1.0,0.035
417,2019-12-16,1.2868,1.0294,1.3418,1.0063,0.7526,1.1103,1.0244,1.2428,0.3577,0.826,0.9109,1.0131,0.9011,0.5235,0.7399,0.608,1.6488,1.2002,1.3445,2.0291,1.4481,1.4455,1.1241,1.8332,0.7797,2.1911,2.1779,0.8951,0.9485,1.2094,0.3944,0.7417,0.5872,1.0,0.035
418,2019-12-23,1.2291,1.0911,1.3754,1.0292,0.7564,1.1073,1.0249,1.2376,0.394,0.8305,0.9273,0.9914,0.8886,0.4445,0.7004,0.6519,1.6987,1.1948,1.3132,1.9482,1.4234,1.3412,1.1507,1.8641,0.8005,2.1925,2.2165,0.9697,0.9026,1.2946,0.5019,0.7805,0.5596,1.0,0.035
419,2019-12-30,1.273,1.052,1.4346,1.0464,0.7669,1.1061,1.0465,1.2364,0.3811,0.8839,0.9013,0.9108,0.8279,0.4153,0.6724,0.6574,1.773,1.2125,1.3896,1.9737,1.4505,1.3664,1.1278,1.8824,0.8432,2.2013,2.2897,0.9629,1.0903,1.3393,0.577,0.8096,0.616,1.0,0.035
